ClassID,SessionID,Q1a,Q1b,Q1c,Q1d,Q1e,Q1f,Q1g,Q1h,Q1i,Q1j,Q1k,Q1l,Q1m,Q1n,Q1o,Q1p,Q2a,Q2b,Q2c,Q2d,Q2e,Q2f,Q2g,Q2h,Q2i,Q2j,Q2k,Q2l,Q2m,Q2n,Q2o,Q2p,Q3a,Q3b,Q3c,Q3d,Q3e,Q3f,Q3g,Q3h,Q3i,Q3j,Q3k,Q3l,Q3m,Q3n,Q3o,Q3p,Q4a,Q4b,Q4c,Q4d,Q4e,Q4f,Q4g,Q4h,Q4i,Q4j,Q4k,Q4l,Q4m,Q4n,Q4o,Q4p,Q5a,Q5b,Q5c,Q5d,Q5e,Q5f,Q5g,Q5h,Q5i,Q5j,Q5k,Q5l,Q5m,Q5n,Q5o,Q5p,Q6a,Q6b,Q6c,Q6d,Q6e,Q6f,Q6g,Q6h,Q6i,Q6j,Q6k,Q6l,Q6m,Q6n,Q6o,Q6p,Q7a,Q7b,Q7c,Q7d,Q7e,Q7f,Q7g,Q7h,Q7i,Q7j,Q7k,Q7l,Q7m,Q7n,Q7o,Q7p,Q8a,Q8b,Q8c,Q8d,Q8e,Q8f,Q8g,Q8h,Q8i,Q8j,Q8k,Q8l,Q8m,Q8n,Q8o,Q8p
C-003-07,TM-01,TM-01_Q1a.JPG,TM-01_Q1b.jpg,TM-01_Q1c.jpg,TM-01_Q1d.jpg,TM-01_Q1e.png,TM-01_Q1f.png,TM-01_Q1g.png,TM-01_Q1h.png,TM-01_Q1i.jpeg,TM-01_Q1j.jpg,TM-01_Q1k.jpg,TM-01_Q1l.jpg,TM-01_Q1m.jpeg,TM-01_Q1n.jpg,TM-01_Q1o.jpg,TM-01_Q1p.jpg,TM-01_Q2a.JPG,TM-01_Q2b.jpg,TM-01_Q2c.jpg,TM-01_Q2d.jpg,TM-01_Q2e.png,TM-01_Q2f.png,TM-01_Q2g.png,TM-01_Q2h.png,TM-01_Q2i.jpeg,TM-01_Q2j.jpg,TM-01_Q2k.jpg,TM-01_Q2l.jpg,TM-01_Q2m.jpeg,TM-01_Q2n.jpg,TM-01_Q2o.jpg,TM-01_Q2p.jpg,,,,,,,,,,,,,,,,,,,,,,,,,,,,,,,,,,,,,,,,,,,,,,,,,,,,,,,,,,,,,,,,,,,,,,,,,,,,,,,,,,,,,,,,,,,,,,,,
C-003-08,TM-01,TM-01_Q1a.JPG,TM-01_Q1b.jpg,TM-01_Q1c.jpg,TM-01_Q1d.jpg,TM-01_Q1e.png,TM-01_Q1f.png,TM-01_Q1g.png,TM-01_Q1h.png,TM-01_Q1i.jpeg,TM-01_Q1j.jpg,TM-01_Q1k.jpg,TM-01_Q1l.jpg,TM-01_Q1m.jpeg,TM-01_Q1n.jpg,TM-01_Q1o.jpg,TM-01_Q1p.jpg,TM-01_Q2a.JPG,TM-01_Q2b.jpg,TM-01_Q2c.jpg,TM-01_Q2d.jpg,TM-01_Q2e.png,TM-01_Q2f.png,TM-01_Q2g.png,TM-01_Q2h.png,TM-01_Q2i.jpeg,TM-01_Q2j.jpg,TM-01_Q2k.jpg,TM-01_Q2l.jpg,TM-01_Q2m.jpeg,TM-01_Q2n.jpg,TM-01_Q2o.jpg,TM-01_Q2p.jpg,,,,,,,,,,,,,,,,,,,,,,,,,,,,,,,,,,,,,,,,,,,,,,,,,,,,,,,,,,,,,,,,,,,,,,,,,,,,,,,,,,,,,,,,,,,,,,,,
C-006-07,TM-02,TM-02_Q1a.JPG,TM-02_Q1b.jpg,TM-02_Q1c.jpg,TM-02_Q1d.jpg,TM-02_Q1e.png,TM-02_Q1f.png,TM-02_Q1g.png,TM-02_Q1h.png,TM-02_Q1i.jpeg,TM-02_Q1j.jpg,TM-02_Q1k.jpg,TM-02_Q1l.jpg,TM-02_Q1m.jpeg,TM-02_Q1n.jpg,TM-02_Q1o.jpg,TM-02_Q1p.jpg,TM-02_Q2a.JPG,TM-02_Q2b.jpg,TM-02_Q2c.jpg,TM-02_Q2d.jpg,TM-02_Q2e.png,TM-02_Q2f.png,TM-02_Q2g.png,TM-02_Q2h.png,TM-02_Q2i.jpeg,TM-02_Q2j.jpg,TM-02_Q2k.jpg,TM-02_Q2l.jpg,TM-02_Q2m.jpeg,TM-02_Q2n.jpg,TM-02_Q2o.jpg,TM-02_Q2p.jpg,,,,,,,,,,,,,,,,,,,,,,,,,,,,,,,,,,,,,,,,,,,,,,,,,,,,,,,,,,,,,,,,,,,,,,,,,,,,,,,,,,,,,,,,,,,,,,,,
C-006-08,TM-03,TM-03_Q1a.JPG,TM-03_Q1b.jpg,TM-03_Q1c.jpg,TM-03_Q1d.jpg,TM-03_Q1e.png,TM-03_Q1f.png,TM-03_Q1g.png,TM-03_Q1h.png,TM-03_Q1i.jpeg,TM-03_Q1j.jpg,TM-03_Q1k.jpg,TM-03_Q1l.jpg,TM-03_Q1m.jpeg,TM-03_Q1n.jpg,TM-03_Q1o.jpg,TM-03_Q1p.jpg,TM-03_Q2a.JPG,TM-03_Q2b.jpg,TM-03_Q2c.jpg,TM-03_Q2d.jpg,TM-03_Q2e.png,TM-03_Q2f.png,TM-03_Q2g.png,TM-03_Q2h.png,TM-03_Q2i.jpeg,TM-03_Q2j.jpg,TM-03_Q2k.jpg,TM-03_Q2l.jpg,TM-03_Q2m.jpeg,TM-03_Q2n.jpg,TM-03_Q2o.jpg,TM-03_Q2p.jpg,,,,,,,,,,,,,,,,,,,,,,,,,,,,,,,,,,,,,,,,,,,,,,,,,,,,,,,,,,,,,,,,,,,,,,,,,,,,,,,,,,,,,,,,,,,,,,,,
C-006-09,TM-02,TM-02_Q1a.JPG,TM-02_Q1b.jpg,TM-02_Q1c.jpg,TM-02_Q1d.jpg,TM-02_Q1e.png,TM-02_Q1f.png,TM-02_Q1g.png,TM-02_Q1h.png,TM-02_Q1i.jpeg,TM-02_Q1j.jpg,TM-02_Q1k.jpg,TM-02_Q1l.jpg,TM-02_Q1m.jpeg,TM-02_Q1n.jpg,TM-02_Q1o.jpg,TM-02_Q1p.jpg,TM-02_Q2a.JPG,TM-02_Q2b.jpg,TM-02_Q2c.jpg,TM-02_Q2d.jpg,TM-02_Q2e.png,TM-02_Q2f.png,TM-02_Q2g.png,TM-02_Q2h.png,TM-02_Q2i.jpeg,TM-02_Q2j.jpg,TM-02_Q2k.jpg,TM-02_Q2l.jpg,TM-02_Q2m.jpeg,TM-02_Q2n.jpg,TM-02_Q2o.jpg,TM-02_Q2p.jpg,,,,,,,,,,,,,,,,,,,,,,,,,,,,,,,,,,,,,,,,,,,,,,,,,,,,,,,,,,,,,,,,,,,,,,,,,,,,,,,,,,,,,,,,,,,,,,,,
C-008-09,TM-04,TM-04_Q1a.JPG,TM-04_Q1b.jpg,TM-04_Q1c.jpg,TM-04_Q1d.jpg,TM-04_Q1e.png,TM-04_Q1f.png,TM-04_Q1g.png,TM-04_Q1h.png,TM-04_Q1i.jpeg,TM-04_Q1j.jpg,TM-04_Q1k.jpg,TM-04_Q1l.jpg,TM-04_Q1m.jpeg,TM-04_Q1n.jpg,TM-04_Q1o.jpg,TM-04_Q1p.jpg,TM-04_Q2a.JPG,TM-04_Q2b.jpg,TM-04_Q2c.jpg,TM-04_Q2d.jpg,TM-04_Q2e.png,TM-04_Q2f.png,TM-04_Q2g.png,TM-04_Q2h.png,TM-04_Q2i.jpeg,TM-04_Q2j.jpg,TM-04_Q2k.jpg,TM-04_Q2l.jpg,TM-04_Q2m.jpeg,TM-04_Q2n.jpg,TM-04_Q2o.jpg,TM-04_Q2p.jpg,,,,,,,,,,,,,,,,,,,,,,,,,,,,,,,,,,,,,,,,,,,,,,,,,,,,,,,,,,,,,,,,,,,,,,,,,,,,,,,,,,,,,,,,,,,,,,,,
C-008-10,TM-04,TM-04_Q1a.JPG,TM-04_Q1b.jpg,TM-04_Q1c.jpg,TM-04_Q1d.jpg,TM-04_Q1e.png,TM-04_Q1f.png,TM-04_Q1g.png,TM-04_Q1h.png,TM-04_Q1i.jpeg,TM-04_Q1j.jpg,TM-04_Q1k.jpg,TM-04_Q1l.jpg,TM-04_Q1m.jpeg,TM-04_Q1n.jpg,TM-04_Q1o.jpg,TM-04_Q1p.jpg,TM-04_Q2a.JPG,TM-04_Q2b.jpg,TM-04_Q2c.jpg,TM-04_Q2d.jpg,TM-04_Q2e.png,TM-04_Q2f.png,TM-04_Q2g.png,TM-04_Q2h.png,TM-04_Q2i.jpeg,TM-04_Q2j.jpg,TM-04_Q2k.jpg,TM-04_Q2l.jpg,TM-04_Q2m.jpeg,TM-04_Q2n.jpg,TM-04_Q2o.jpg,TM-04_Q2p.jpg,,,,,,,,,,,,,,,,,,,,,,,,,,,,,,,,,,,,,,,,,,,,,,,,,,,,,,,,,,,,,,,,,,,,,,,,,,,,,,,,,,,,,,,,,,,,,,,,
C-008-11,TM-05,TM-05_Q1a.JPG,TM-05_Q1b.jpg,TM-05_Q1c.jpg,TM-05_Q1d.jpg,TM-05_Q1e.png,TM-05_Q1f.png,TM-05_Q1g.png,TM-05_Q1h.png,TM-05_Q1i.jpeg,TM-05_Q1j.jpg,TM-05_Q1k.jpg,TM-05_Q1l.jpg,TM-05_Q1m.jpeg,TM-05_Q1n.jpg,TM-05_Q1o.jpg,TM-05_Q1p.jpg,TM-05_Q2a.JPG,TM-05_Q2b.jpg,TM-05_Q2c.jpg,TM-05_Q2d.jpg,TM-05_Q2e.png,TM-05_Q2f.png,TM-05_Q2g.png,TM-05_Q2h.png,TM-05_Q2i.jpeg,TM-05_Q2j.jpg,TM-05_Q2k.jpg,TM-05_Q2l.jpg,TM-05_Q2m.jpeg,TM-05_Q2n.jpg,TM-05_Q2o.jpg,TM-05_Q2p.jpg,,,,,,,,,,,,,,,,,,,,,,,,,,,,,,,,,,,,,,,,,,,,,,,,,,,,,,,,,,,,,,,,,,,,,,,,,,,,,,,,,,,,,,,,,,,,,,,,
C-008-12,TM-05,TM-05_Q1a.JPG,TM-05_Q1b.jpg,TM-05_Q1c.jpg,TM-05_Q1d.jpg,TM-05_Q1e.png,TM-05_Q1f.png,TM-05_Q1g.png,TM-05_Q1h.png,TM-05_Q1i.jpeg,TM-05_Q1j.jpg,TM-05_Q1k.jpg,TM-05_Q1l.jpg,TM-05_Q1m.jpeg,TM-05_Q1n.jpg,TM-05_Q1o.jpg,TM-05_Q1p.jpg,TM-05_Q2a.JPG,TM-05_Q2b.jpg,TM-05_Q2c.jpg,TM-05_Q2d.jpg,TM-05_Q2e.png,TM-05_Q2f.png,TM-05_Q2g.png,TM-05_Q2h.png,TM-05_Q2i.jpeg,TM-05_Q2j.jpg,TM-05_Q2k.jpg,TM-05_Q2l.jpg,TM-05_Q2m.jpeg,TM-05_Q2n.jpg,TM-05_Q2o.jpg,TM-05_Q2p.jpg,,,,,,,,,,,,,,,,,,,,,,,,,,,,,,,,,,,,,,,,,,,,,,,,,,,,,,,,,,,,,,,,,,,,,,,,,,,,,,,,,,,,,,,,,,,,,,,,
C-010-15,TM-06,TM-06_Q1a.JPG,TM-06_Q1b.jpg,TM-06_Q1c.jpg,TM-06_Q1d.jpg,TM-06_Q1e.png,TM-06_Q1f.png,TM-06_Q1g.png,TM-06_Q1h.png,TM-06_Q1i.jpeg,TM-06_Q1j.jpg,TM-06_Q1k.jpg,TM-06_Q1l.jpg,TM-06_Q1m.jpeg,TM-06_Q1n.jpg,TM-06_Q1o.jpg,TM-06_Q1p.jpg,TM-06_Q2a.JPG,TM-06_Q2b.jpg,TM-06_Q2c.jpg,TM-06_Q2d.jpg,TM-06_Q2e.png,TM-06_Q2f.png,TM-06_Q2g.png,TM-06_Q2h.png,TM-06_Q2i.jpeg,TM-06_Q2j.jpg,TM-06_Q2k.jpg,TM-06_Q2l.jpg,TM-06_Q2m.jpeg,TM-06_Q2n.jpg,TM-06_Q2o.jpg,TM-06_Q2p.jpg,,,,,,,,,,,,,,,,,,,,,,,,,,,,,,,,,,,,,,,,,,,,,,,,,,,,,,,,,,,,,,,,,,,,,,,,,,,,,,,,,,,,,,,,,,,,,,,,
C-010-16,TM-07,TM-07_Q1a.JPG,TM-07_Q1b.jpg,TM-07_Q1c.jpg,TM-07_Q1d.jpg,TM-07_Q1e.png,TM-07_Q1f.png,TM-07_Q1g.png,TM-07_Q1h.png,TM-07_Q1i.jpeg,TM-07_Q1j.jpg,TM-07_Q1k.jpg,TM-07_Q1l.jpg,TM-07_Q1m.jpeg,TM-07_Q1n.jpg,TM-07_Q1o.jpg,TM-07_Q1p.jpg,TM-07_Q2a.JPG,TM-07_Q2b.jpg,TM-07_Q2c.jpg,TM-07_Q2d.jpg,TM-07_Q2e.png,TM-07_Q2f.png,TM-07_Q2g.png,TM-07_Q2h.png,TM-07_Q2i.jpeg,TM-07_Q2j.jpg,TM-07_Q2k.jpg,TM-07_Q2l.jpg,TM-07_Q2m.jpeg,TM-07_Q2n.jpg,TM-07_Q2o.jpg,TM-07_Q2p.jpg,,,,,,,,,,,,,,,,,,,,,,,,,,,,,,,,,,,,,,,,,,,,,,,,,,,,,,,,,,,,,,,,,,,,,,,,,,,,,,,,,,,,,,,,,,,,,,,,
C-010-17,TM-08,TM-08_Q1a.JPG,TM-08_Q1b.jpg,TM-08_Q1c.jpg,TM-08_Q1d.jpg,TM-08_Q1e.png,TM-08_Q1f.png,TM-08_Q1g.png,TM-08_Q1h.png,TM-08_Q1i.jpeg,TM-08_Q1j.jpg,TM-08_Q1k.jpg,TM-08_Q1l.jpg,TM-08_Q1m.jpeg,TM-08_Q1n.jpg,TM-08_Q1o.jpg,TM-08_Q1p.jpg,TM-08_Q2a.JPG,TM-08_Q2b.jpg,TM-08_Q2c.jpg,TM-08_Q2d.jpg,TM-08_Q2e.png,TM-08_Q2f.png,TM-08_Q2g.png,TM-08_Q2h.png,TM-08_Q2i.jpeg,TM-08_Q2j.jpg,TM-08_Q2k.jpg,TM-08_Q2l.jpg,TM-08_Q2m.jpeg,TM-08_Q2n.jpg,TM-08_Q2o.jpg,TM-08_Q2p.jpg,,,,,,,,,,,,,,,,,,,,,,,,,,,,,,,,,,,,,,,,,,,,,,,,,,,,,,,,,,,,,,,,,,,,,,,,,,,,,,,,,,,,,,,,,,,,,,,,
C-010-18,TM-09,TM-09_Q1a.JPG,TM-09_Q1b.jpg,TM-09_Q1c.jpg,TM-09_Q1d.jpg,TM-09_Q1e.png,TM-09_Q1f.png,TM-09_Q1g.png,TM-09_Q1h.png,TM-09_Q1i.jpeg,TM-09_Q1j.jpg,TM-09_Q1k.jpg,TM-09_Q1l.jpg,TM-09_Q1m.jpeg,TM-09_Q1n.jpg,TM-09_Q1o.jpg,TM-09_Q1p.jpg,TM-09_Q2a.JPG,TM-09_Q2b.jpg,TM-09_Q2c.jpg,TM-09_Q2d.jpg,TM-09_Q2e.png,TM-09_Q2f.png,TM-09_Q2g.png,TM-09_Q2h.png,TM-09_Q2i.jpeg,TM-09_Q2j.jpg,TM-09_Q2k.jpg,TM-09_Q2l.jpg,TM-09_Q2m.jpeg,TM-09_Q2n.jpg,TM-09_Q2o.jpg,TM-09_Q2p.jpg,,,,,,,,,,,,,,,,,,,,,,,,,,,,,,,,,,,,,,,,,,,,,,,,,,,,,,,,,,,,,,,,,,,,,,,,,,,,,,,,,,,,,,,,,,,,,,,,
C-010-21,TM-10,TM-10_Q1a.JPG,TM-10_Q1b.jpg,TM-10_Q1c.jpg,TM-10_Q1d.jpg,TM-10_Q1e.png,TM-10_Q1f.png,TM-10_Q1g.png,TM-10_Q1h.png,TM-10_Q1i.jpeg,TM-10_Q1j.jpg,TM-10_Q1k.jpg,TM-10_Q1l.jpg,TM-10_Q1m.jpeg,TM-10_Q1n.jpg,TM-10_Q1o.jpg,TM-10_Q1p.jpg,TM-10_Q2a.JPG,TM-10_Q2b.jpg,TM-10_Q2c.jpg,TM-10_Q2d.jpg,TM-10_Q2e.png,TM-10_Q2f.png,TM-10_Q2g.png,TM-10_Q2h.png,TM-10_Q2i.jpeg,TM-10_Q2j.jpg,TM-10_Q2k.jpg,TM-10_Q2l.jpg,TM-10_Q2m.jpeg,TM-10_Q2n.jpg,TM-10_Q2o.jpg,TM-10_Q2p.jpg,,,,,,,,,,,,,,,,,,,,,,,,,,,,,,,,,,,,,,,,,,,,,,,,,,,,,,,,,,,,,,,,,,,,,,,,,,,,,,,,,,,,,,,,,,,,,,,,
C-011-07,TM-11,TM-11_Q1a.JPG,TM-11_Q1b.jpg,TM-11_Q1c.jpg,TM-11_Q1d.jpg,TM-11_Q1e.png,TM-11_Q1f.png,TM-11_Q1g.png,TM-11_Q1h.png,TM-11_Q1i.jpeg,TM-11_Q1j.jpg,TM-11_Q1k.jpg,TM-11_Q1l.jpg,TM-11_Q1m.jpeg,TM-11_Q1n.jpg,TM-11_Q1o.jpg,TM-11_Q1p.jpg,TM-11_Q2a.JPG,TM-11_Q2b.jpg,TM-11_Q2c.jpg,TM-11_Q2d.jpg,TM-11_Q2e.png,TM-11_Q2f.png,TM-11_Q2g.png,TM-11_Q2h.png,TM-11_Q2i.jpeg,TM-11_Q2j.jpg,TM-11_Q2k.jpg,TM-11_Q2l.jpg,TM-11_Q2m.jpeg,TM-11_Q2n.jpg,TM-11_Q2o.jpg,TM-11_Q2p.jpg,,,,,,,,,,,,,,,,,,,,,,,,,,,,,,,,,,,,,,,,,,,,,,,,,,,,,,,,,,,,,,,,,,,,,,,,,,,,,,,,,,,,,,,,,,,,,,,,
C-011-08,TM-12,TM-12_Q1a.JPG,TM-12_Q1b.jpg,TM-12_Q1c.jpg,TM-12_Q1d.jpg,TM-12_Q1e.png,TM-12_Q1f.png,TM-12_Q1g.png,TM-12_Q1h.png,TM-12_Q1i.jpeg,TM-12_Q1j.jpg,TM-12_Q1k.jpg,TM-12_Q1l.jpg,TM-12_Q1m.jpeg,TM-12_Q1n.jpg,TM-12_Q1o.jpg,TM-12_Q1p.jpg,TM-12_Q2a.JPG,TM-12_Q2b.jpg,TM-12_Q2c.jpg,TM-12_Q2d.jpg,TM-12_Q2e.png,TM-12_Q2f.png,TM-12_Q2g.png,TM-12_Q2h.png,TM-12_Q2i.jpeg,TM-12_Q2j.jpg,TM-12_Q2k.jpg,TM-12_Q2l.jpg,TM-12_Q2m.jpeg,TM-12_Q2n.jpg,TM-12_Q2o.jpg,TM-12_Q2p.jpg,,,,,,,,,,,,,,,,,,,,,,,,,,,,,,,,,,,,,,,,,,,,,,,,,,,,,,,,,,,,,,,,,,,,,,,,,,,,,,,,,,,,,,,,,,,,,,,,
C-011-09,TM-11,TM-11_Q1a.JPG,TM-11_Q1b.jpg,TM-11_Q1c.jpg,TM-11_Q1d.jpg,TM-11_Q1e.png,TM-11_Q1f.png,TM-11_Q1g.png,TM-11_Q1h.png,TM-11_Q1i.jpeg,TM-11_Q1j.jpg,TM-11_Q1k.jpg,TM-11_Q1l.jpg,TM-11_Q1m.jpeg,TM-11_Q1n.jpg,TM-11_Q1o.jpg,TM-11_Q1p.jpg,TM-11_Q2a.JPG,TM-11_Q2b.jpg,TM-11_Q2c.jpg,TM-11_Q2d.jpg,TM-11_Q2e.png,TM-11_Q2f.png,TM-11_Q2g.png,TM-11_Q2h.png,TM-11_Q2i.jpeg,TM-11_Q2j.jpg,TM-11_Q2k.jpg,TM-11_Q2l.jpg,TM-11_Q2m.jpeg,TM-11_Q2n.jpg,TM-11_Q2o.jpg,TM-11_Q2p.jpg,,,,,,,,,,,,,,,,,,,,,,,,,,,,,,,,,,,,,,,,,,,,,,,,,,,,,,,,,,,,,,,,,,,,,,,,,,,,,,,,,,,,,,,,,,,,,,,,
C-011-10,TM-12,TM-12_Q1a.JPG,TM-12_Q1b.jpg,TM-12_Q1c.jpg,TM-12_Q1d.jpg,TM-12_Q1e.png,TM-12_Q1f.png,TM-12_Q1g.png,TM-12_Q1h.png,TM-12_Q1i.jpeg,TM-12_Q1j.jpg,TM-12_Q1k.jpg,TM-12_Q1l.jpg,TM-12_Q1m.jpeg,TM-12_Q1n.jpg,TM-12_Q1o.jpg,TM-12_Q1p.jpg,TM-12_Q2a.JPG,TM-12_Q2b.jpg,TM-12_Q2c.jpg,TM-12_Q2d.jpg,TM-12_Q2e.png,TM-12_Q2f.png,TM-12_Q2g.png,TM-12_Q2h.png,TM-12_Q2i.jpeg,TM-12_Q2j.jpg,TM-12_Q2k.jpg,TM-12_Q2l.jpg,TM-12_Q2m.jpeg,TM-12_Q2n.jpg,TM-12_Q2o.jpg,TM-12_Q2p.jpg,,,,,,,,,,,,,,,,,,,,,,,,,,,,,,,,,,,,,,,,,,,,,,,,,,,,,,,,,,,,,,,,,,,,,,,,,,,,,,,,,,,,,,,,,,,,,,,,
C-015-03,TM-13,TM-13_Q1a.JPG,TM-13_Q1b.jpg,TM-13_Q1c.jpg,TM-13_Q1d.jpg,TM-13_Q1e.png,TM-13_Q1f.png,TM-13_Q1g.png,TM-13_Q1h.png,TM-13_Q1i.jpeg,TM-13_Q1j.jpg,TM-13_Q1k.jpg,TM-13_Q1l.jpg,TM-13_Q1m.jpeg,TM-13_Q1n.jpg,TM-13_Q1o.jpg,TM-13_Q1p.jpg,TM-13_Q2a.JPG,TM-13_Q2b.jpg,TM-13_Q2c.jpg,TM-13_Q2d.jpg,TM-13_Q2e.png,TM-13_Q2f.png,TM-13_Q2g.png,TM-13_Q2h.png,TM-13_Q2i.jpeg,TM-13_Q2j.jpg,TM-13_Q2k.jpg,TM-13_Q2l.jpg,TM-13_Q2m.jpeg,TM-13_Q2n.jpg,TM-13_Q2o.jpg,TM-13_Q2p.jpg,,,,,,,,,,,,,,,,,,,,,,,,,,,,,,,,,,,,,,,,,,,,,,,,,,,,,,,,,,,,,,,,,,,,,,,,,,,,,,,,,,,,,,,,,,,,,,,,
C-017-03,TM-14,TM-14_Q1a.JPG,TM-14_Q1b.jpg,TM-14_Q1c.jpg,TM-14_Q1d.jpg,TM-14_Q1e.png,TM-14_Q1f.png,TM-14_Q1g.png,TM-14_Q1h.png,TM-14_Q1i.jpeg,TM-14_Q1j.jpg,TM-14_Q1k.jpg,TM-14_Q1l.jpg,TM-14_Q1m.jpeg,TM-14_Q1n.jpg,TM-14_Q1o.jpg,TM-14_Q1p.jpg,TM-14_Q2a.JPG,TM-14_Q2b.jpg,TM-14_Q2c.jpg,TM-14_Q2d.jpg,TM-14_Q2e.png,TM-14_Q2f.png,TM-14_Q2g.png,TM-14_Q2h.png,TM-14_Q2i.jpeg,TM-14_Q2j.jpg,TM-14_Q2k.jpg,TM-14_Q2l.jpg,TM-14_Q2m.jpeg,TM-14_Q2n.jpg,TM-14_Q2o.jpg,TM-14_Q2p.jpg,,,,,,,,,,,,,,,,,,,,,,,,,,,,,,,,,,,,,,,,,,,,,,,,,,,,,,,,,,,,,,,,,,,,,,,,,,,,,,,,,,,,,,,,,,,,,,,,
C-018-03,TM-15,TM-15_Q1a.JPG,TM-15_Q1b.jpg,TM-15_Q1c.jpg,TM-15_Q1d.jpg,TM-15_Q1e.png,TM-15_Q1f.png,TM-15_Q1g.png,TM-15_Q1h.png,TM-15_Q1i.jpeg,TM-15_Q1j.jpg,TM-15_Q1k.jpg,TM-15_Q1l.jpg,TM-15_Q1m.jpeg,TM-15_Q1n.jpg,TM-15_Q1o.jpg,TM-15_Q1p.jpg,TM-15_Q2a.JPG,TM-15_Q2b.jpg,TM-15_Q2c.jpg,TM-15_Q2d.jpg,TM-15_Q2e.png,TM-15_Q2f.png,TM-15_Q2g.png,TM-15_Q2h.png,TM-15_Q2i.jpeg,TM-15_Q2j.jpg,TM-15_Q2k.jpg,TM-15_Q2l.jpg,TM-15_Q2m.jpeg,TM-15_Q2n.jpg,TM-15_Q2o.jpg,TM-15_Q2p.jpg,,,,,,,,,,,,,,,,,,,,,,,,,,,,,,,,,,,,,,,,,,,,,,,,,,,,,,,,,,,,,,,,,,,,,,,,,,,,,,,,,,,,,,,,,,,,,,,,
C-020-03,TM-16,TM-16_Q1a.JPG,TM-16_Q1b.jpg,TM-16_Q1c.jpg,TM-16_Q1d.jpg,TM-16_Q1e.png,TM-16_Q1f.png,TM-16_Q1g.png,TM-16_Q1h.png,TM-16_Q1i.jpeg,TM-16_Q1j.jpg,TM-16_Q1k.jpg,TM-16_Q1l.jpg,TM-16_Q1m.jpeg,TM-16_Q1n.jpg,TM-16_Q1o.jpg,TM-16_Q1p.jpg,TM-16_Q2a.JPG,TM-16_Q2b.jpg,TM-16_Q2c.jpg,TM-16_Q2d.jpg,TM-16_Q2e.png,TM-16_Q2f.png,TM-16_Q2g.png,TM-16_Q2h.png,TM-16_Q2i.jpeg,TM-16_Q2j.jpg,TM-16_Q2k.jpg,TM-16_Q2l.jpg,TM-16_Q2m.jpeg,TM-16_Q2n.jpg,TM-16_Q2o.jpg,TM-16_Q2p.jpg,,,,,,,,,,,,,,,,,,,,,,,,,,,,,,,,,,,,,,,,,,,,,,,,,,,,,,,,,,,,,,,,,,,,,,,,,,,,,,,,,,,,,,,,,,,,,,,,
C-021-03,TM-17,TM-17_Q1a.JPG,TM-17_Q1b.jpg,TM-17_Q1c.jpg,TM-17_Q1d.jpg,TM-17_Q1e.png,TM-17_Q1f.png,TM-17_Q1g.png,TM-17_Q1h.png,TM-17_Q1i.jpeg,TM-17_Q1j.jpg,TM-17_Q1k.jpg,TM-17_Q1l.jpg,TM-17_Q1m.jpeg,TM-17_Q1n.jpg,TM-17_Q1o.jpg,TM-17_Q1p.jpg,TM-17_Q2a.JPG,TM-17_Q2b.jpg,TM-17_Q2c.jpg,TM-17_Q2d.jpg,TM-17_Q2e.png,TM-17_Q2f.png,TM-17_Q2g.png,TM-17_Q2h.png,TM-17_Q2i.jpeg,TM-17_Q2j.jpg,TM-17_Q2k.jpg,TM-17_Q2l.jpg,TM-17_Q2m.jpeg,TM-17_Q2n.jpg,TM-17_Q2o.jpg,TM-17_Q2p.jpg,,,,,,,,,,,,,,,,,,,,,,,,,,,,,,,,,,,,,,,,,,,,,,,,,,,,,,,,,,,,,,,,,,,,,,,,,,,,,,,,,,,,,,,,,,,,,,,,
C-023-03,TM-18,TM-18_Q1a.JPG,TM-18_Q1b.jpg,TM-18_Q1c.jpg,TM-18_Q1d.jpg,TM-18_Q1e.png,TM-18_Q1f.png,TM-18_Q1g.png,TM-18_Q1h.png,TM-18_Q1i.jpeg,TM-18_Q1j.jpg,TM-18_Q1k.jpg,TM-18_Q1l.jpg,TM-18_Q1m.jpeg,TM-18_Q1n.jpg,TM-18_Q1o.jpg,TM-18_Q1p.jpg,TM-18_Q2a.JPG,TM-18_Q2b.jpg,TM-18_Q2c.jpg,TM-18_Q2d.jpg,TM-18_Q2e.png,TM-18_Q2f.png,TM-18_Q2g.png,TM-18_Q2h.png,TM-18_Q2i.jpeg,TM-18_Q2j.jpg,TM-18_Q2k.jpg,TM-18_Q2l.jpg,TM-18_Q2m.jpeg,TM-18_Q2n.jpg,TM-18_Q2o.jpg,TM-18_Q2p.jpg,,,,,,,,,,,,,,,,,,,,,,,,,,,,,,,,,,,,,,,,,,,,,,,,,,,,,,,,,,,,,,,,,,,,,,,,,,,,,,,,,,,,,,,,,,,,,,,,
C-046-09,KLC-01,KLC-01_Q1a.JPG,KLC-01_Q1b.jpg,KLC-01_Q1c.jpg,KLC-01_Q1d.jpg,KLC-01_Q1e.png,KLC-01_Q1f.png,KLC-01_Q1g.png,KLC-01_Q1h.png,KLC-01_Q1i.jpeg,KLC-01_Q1j.jpg,KLC-01_Q1k.jpg,KLC-01_Q1l.jpg,KLC-01_Q1m.jpeg,KLC-01_Q1n.jpg,KLC-01_Q1o.jpg,KLC-01_Q1p.jpg,KLC-01_Q2a.JPG,KLC-01_Q2b.jpg,KLC-01_Q2c.jpg,KLC-01_Q2d.jpg,KLC-01_Q2e.png,KLC-01_Q2f.png,KLC-01_Q2g.png,KLC-01_Q2h.png,KLC-01_Q2i.jpeg,KLC-01_Q2j.jpg,KLC-01_Q2k.jpg,KLC-01_Q2l.jpg,KLC-01_Q2m.jpeg,KLC-01_Q2n.jpg,KLC-01_Q2o.jpg,KLC-01_Q2p.jpg,,,,,,,,,,,,,,,,,,,,,,,,,,,,,,,,,,,,,,,,,,,,,,,,,,,,,,,,,,,,,,,,,,,,,,,,,,,,,,,,,,,,,,,,,,,,,,,,
C-046-10,KLC-01,KLC-01_Q1a.JPG,KLC-01_Q1b.jpg,KLC-01_Q1c.jpg,KLC-01_Q1d.jpg,KLC-01_Q1e.png,KLC-01_Q1f.png,KLC-01_Q1g.png,KLC-01_Q1h.png,KLC-01_Q1i.jpeg,KLC-01_Q1j.jpg,KLC-01_Q1k.jpg,KLC-01_Q1l.jpg,KLC-01_Q1m.jpeg,KLC-01_Q1n.jpg,KLC-01_Q1o.jpg,KLC-01_Q1p.jpg,KLC-01_Q2a.JPG,KLC-01_Q2b.jpg,KLC-01_Q2c.jpg,KLC-01_Q2d.jpg,KLC-01_Q2e.png,KLC-01_Q2f.png,KLC-01_Q2g.png,KLC-01_Q2h.png,KLC-01_Q2i.jpeg,KLC-01_Q2j.jpg,KLC-01_Q2k.jpg,KLC-01_Q2l.jpg,KLC-01_Q2m.jpeg,KLC-01_Q2n.jpg,KLC-01_Q2o.jpg,KLC-01_Q2p.jpg,,,,,,,,,,,,,,,,,,,,,,,,,,,,,,,,,,,,,,,,,,,,,,,,,,,,,,,,,,,,,,,,,,,,,,,,,,,,,,,,,,,,,,,,,,,,,,,,
C-046-11,KLC-01,KLC-01_Q1a.JPG,KLC-01_Q1b.jpg,KLC-01_Q1c.jpg,KLC-01_Q1d.jpg,KLC-01_Q1e.png,KLC-01_Q1f.png,KLC-01_Q1g.png,KLC-01_Q1h.png,KLC-01_Q1i.jpeg,KLC-01_Q1j.jpg,KLC-01_Q1k.jpg,KLC-01_Q1l.jpg,KLC-01_Q1m.jpeg,KLC-01_Q1n.jpg,KLC-01_Q1o.jpg,KLC-01_Q1p.jpg,KLC-01_Q2a.JPG,KLC-01_Q2b.jpg,KLC-01_Q2c.jpg,KLC-01_Q2d.jpg,KLC-01_Q2e.png,KLC-01_Q2f.png,KLC-01_Q2g.png,KLC-01_Q2h.png,KLC-01_Q2i.jpeg,KLC-01_Q2j.jpg,KLC-01_Q2k.jpg,KLC-01_Q2l.jpg,KLC-01_Q2m.jpeg,KLC-01_Q2n.jpg,KLC-01_Q2o.jpg,KLC-01_Q2p.jpg,,,,,,,,,,,,,,,,,,,,,,,,,,,,,,,,,,,,,,,,,,,,,,,,,,,,,,,,,,,,,,,,,,,,,,,,,,,,,,,,,,,,,,,,,,,,,,,,
C-047-07,KLC-01,KLC-01_Q1a.JPG,KLC-01_Q1b.jpg,KLC-01_Q1c.jpg,KLC-01_Q1d.jpg,KLC-01_Q1e.png,KLC-01_Q1f.png,KLC-01_Q1g.png,KLC-01_Q1h.png,KLC-01_Q1i.jpeg,KLC-01_Q1j.jpg,KLC-01_Q1k.jpg,KLC-01_Q1l.jpg,KLC-01_Q1m.jpeg,KLC-01_Q1n.jpg,KLC-01_Q1o.jpg,KLC-01_Q1p.jpg,KLC-01_Q2a.JPG,KLC-01_Q2b.jpg,KLC-01_Q2c.jpg,KLC-01_Q2d.jpg,KLC-01_Q2e.png,KLC-01_Q2f.png,KLC-01_Q2g.png,KLC-01_Q2h.png,KLC-01_Q2i.jpeg,KLC-01_Q2j.jpg,KLC-01_Q2k.jpg,KLC-01_Q2l.jpg,KLC-01_Q2m.jpeg,KLC-01_Q2n.jpg,KLC-01_Q2o.jpg,KLC-01_Q2p.jpg,,,,,,,,,,,,,,,,,,,,,,,,,,,,,,,,,,,,,,,,,,,,,,,,,,,,,,,,,,,,,,,,,,,,,,,,,,,,,,,,,,,,,,,,,,,,,,,,
C-047-08,KLC-01,KLC-01_Q1a.JPG,KLC-01_Q1b.jpg,KLC-01_Q1c.jpg,KLC-01_Q1d.jpg,KLC-01_Q1e.png,KLC-01_Q1f.png,KLC-01_Q1g.png,KLC-01_Q1h.png,KLC-01_Q1i.jpeg,KLC-01_Q1j.jpg,KLC-01_Q1k.jpg,KLC-01_Q1l.jpg,KLC-01_Q1m.jpeg,KLC-01_Q1n.jpg,KLC-01_Q1o.jpg,KLC-01_Q1p.jpg,KLC-01_Q2a.JPG,KLC-01_Q2b.jpg,KLC-01_Q2c.jpg,KLC-01_Q2d.jpg,KLC-01_Q2e.png,KLC-01_Q2f.png,KLC-01_Q2g.png,KLC-01_Q2h.png,KLC-01_Q2i.jpeg,KLC-01_Q2j.jpg,KLC-01_Q2k.jpg,KLC-01_Q2l.jpg,KLC-01_Q2m.jpeg,KLC-01_Q2n.jpg,KLC-01_Q2o.jpg,KLC-01_Q2p.jpg,,,,,,,,,,,,,,,,,,,,,,,,,,,,,,,,,,,,,,,,,,,,,,,,,,,,,,,,,,,,,,,,,,,,,,,,,,,,,,,,,,,,,,,,,,,,,,,,
C-047-09,KLC-01,KLC-01_Q1a.JPG,KLC-01_Q1b.jpg,KLC-01_Q1c.jpg,KLC-01_Q1d.jpg,KLC-01_Q1e.png,KLC-01_Q1f.png,KLC-01_Q1g.png,KLC-01_Q1h.png,KLC-01_Q1i.jpeg,KLC-01_Q1j.jpg,KLC-01_Q1k.jpg,KLC-01_Q1l.jpg,KLC-01_Q1m.jpeg,KLC-01_Q1n.jpg,KLC-01_Q1o.jpg,KLC-01_Q1p.jpg,KLC-01_Q2a.JPG,KLC-01_Q2b.jpg,KLC-01_Q2c.jpg,KLC-01_Q2d.jpg,KLC-01_Q2e.png,KLC-01_Q2f.png,KLC-01_Q2g.png,KLC-01_Q2h.png,KLC-01_Q2i.jpeg,KLC-01_Q2j.jpg,KLC-01_Q2k.jpg,KLC-01_Q2l.jpg,KLC-01_Q2m.jpeg,KLC-01_Q2n.jpg,KLC-01_Q2o.jpg,KLC-01_Q2p.jpg,,,,,,,,,,,,,,,,,,,,,,,,,,,,,,,,,,,,,,,,,,,,,,,,,,,,,,,,,,,,,,,,,,,,,,,,,,,,,,,,,,,,,,,,,,,,,,,,
C-048-09,KLC-01,KLC-01_Q1a.JPG,KLC-01_Q1b.jpg,KLC-01_Q1c.jpg,KLC-01_Q1d.jpg,KLC-01_Q1e.png,KLC-01_Q1f.png,KLC-01_Q1g.png,KLC-01_Q1h.png,KLC-01_Q1i.jpeg,KLC-01_Q1j.jpg,KLC-01_Q1k.jpg,KLC-01_Q1l.jpg,KLC-01_Q1m.jpeg,KLC-01_Q1n.jpg,KLC-01_Q1o.jpg,KLC-01_Q1p.jpg,KLC-01_Q2a.JPG,KLC-01_Q2b.jpg,KLC-01_Q2c.jpg,KLC-01_Q2d.jpg,KLC-01_Q2e.png,KLC-01_Q2f.png,KLC-01_Q2g.png,KLC-01_Q2h.png,KLC-01_Q2i.jpeg,KLC-01_Q2j.jpg,KLC-01_Q2k.jpg,KLC-01_Q2l.jpg,KLC-01_Q2m.jpeg,KLC-01_Q2n.jpg,KLC-01_Q2o.jpg,KLC-01_Q2p.jpg,,,,,,,,,,,,,,,,,,,,,,,,,,,,,,,,,,,,,,,,,,,,,,,,,,,,,,,,,,,,,,,,,,,,,,,,,,,,,,,,,,,,,,,,,,,,,,,,
C-048-10,KLC-01,KLC-01_Q1a.JPG,KLC-01_Q1b.jpg,KLC-01_Q1c.jpg,KLC-01_Q1d.jpg,KLC-01_Q1e.png,KLC-01_Q1f.png,KLC-01_Q1g.png,KLC-01_Q1h.png,KLC-01_Q1i.jpeg,KLC-01_Q1j.jpg,KLC-01_Q1k.jpg,KLC-01_Q1l.jpg,KLC-01_Q1m.jpeg,KLC-01_Q1n.jpg,KLC-01_Q1o.jpg,KLC-01_Q1p.jpg,KLC-01_Q2a.JPG,KLC-01_Q2b.jpg,KLC-01_Q2c.jpg,KLC-01_Q2d.jpg,KLC-01_Q2e.png,KLC-01_Q2f.png,KLC-01_Q2g.png,KLC-01_Q2h.png,KLC-01_Q2i.jpeg,KLC-01_Q2j.jpg,KLC-01_Q2k.jpg,KLC-01_Q2l.jpg,KLC-01_Q2m.jpeg,KLC-01_Q2n.jpg,KLC-01_Q2o.jpg,KLC-01_Q2p.jpg,,,,,,,,,,,,,,,,,,,,,,,,,,,,,,,,,,,,,,,,,,,,,,,,,,,,,,,,,,,,,,,,,,,,,,,,,,,,,,,,,,,,,,,,,,,,,,,,
C-048-11,KLC-01,KLC-01_Q1a.JPG,KLC-01_Q1b.jpg,KLC-01_Q1c.jpg,KLC-01_Q1d.jpg,KLC-01_Q1e.png,KLC-01_Q1f.png,KLC-01_Q1g.png,KLC-01_Q1h.png,KLC-01_Q1i.jpeg,KLC-01_Q1j.jpg,KLC-01_Q1k.jpg,KLC-01_Q1l.jpg,KLC-01_Q1m.jpeg,KLC-01_Q1n.jpg,KLC-01_Q1o.jpg,KLC-01_Q1p.jpg,KLC-01_Q2a.JPG,KLC-01_Q2b.jpg,KLC-01_Q2c.jpg,KLC-01_Q2d.jpg,KLC-01_Q2e.png,KLC-01_Q2f.png,KLC-01_Q2g.png,KLC-01_Q2h.png,KLC-01_Q2i.jpeg,KLC-01_Q2j.jpg,KLC-01_Q2k.jpg,KLC-01_Q2l.jpg,KLC-01_Q2m.jpeg,KLC-01_Q2n.jpg,KLC-01_Q2o.jpg,KLC-01_Q2p.jpg,,,,,,,,,,,,,,,,,,,,,,,,,,,,,,,,,,,,,,,,,,,,,,,,,,,,,,,,,,,,,,,,,,,,,,,,,,,,,,,,,,,,,,,,,,,,,,,,
C-049-08,KLC-01,KLC-01_Q1a.JPG,KLC-01_Q1b.jpg,KLC-01_Q1c.jpg,KLC-01_Q1d.jpg,KLC-01_Q1e.png,KLC-01_Q1f.png,KLC-01_Q1g.png,KLC-01_Q1h.png,KLC-01_Q1i.jpeg,KLC-01_Q1j.jpg,KLC-01_Q1k.jpg,KLC-01_Q1l.jpg,KLC-01_Q1m.jpeg,KLC-01_Q1n.jpg,KLC-01_Q1o.jpg,KLC-01_Q1p.jpg,KLC-01_Q2a.JPG,KLC-01_Q2b.jpg,KLC-01_Q2c.jpg,KLC-01_Q2d.jpg,KLC-01_Q2e.png,KLC-01_Q2f.png,KLC-01_Q2g.png,KLC-01_Q2h.png,KLC-01_Q2i.jpeg,KLC-01_Q2j.jpg,KLC-01_Q2k.jpg,KLC-01_Q2l.jpg,KLC-01_Q2m.jpeg,KLC-01_Q2n.jpg,KLC-01_Q2o.jpg,KLC-01_Q2p.jpg,,,,,,,,,,,,,,,,,,,,,,,,,,,,,,,,,,,,,,,,,,,,,,,,,,,,,,,,,,,,,,,,,,,,,,,,,,,,,,,,,,,,,,,,,,,,,,,,
C-049-09,KLC-01,KLC-01_Q1a.JPG,KLC-01_Q1b.jpg,KLC-01_Q1c.jpg,KLC-01_Q1d.jpg,KLC-01_Q1e.png,KLC-01_Q1f.png,KLC-01_Q1g.png,KLC-01_Q1h.png,KLC-01_Q1i.jpeg,KLC-01_Q1j.jpg,KLC-01_Q1k.jpg,KLC-01_Q1l.jpg,KLC-01_Q1m.jpeg,KLC-01_Q1n.jpg,KLC-01_Q1o.jpg,KLC-01_Q1p.jpg,KLC-01_Q2a.JPG,KLC-01_Q2b.jpg,KLC-01_Q2c.jpg,KLC-01_Q2d.jpg,KLC-01_Q2e.png,KLC-01_Q2f.png,KLC-01_Q2g.png,KLC-01_Q2h.png,KLC-01_Q2i.jpeg,KLC-01_Q2j.jpg,KLC-01_Q2k.jpg,KLC-01_Q2l.jpg,KLC-01_Q2m.jpeg,KLC-01_Q2n.jpg,KLC-01_Q2o.jpg,KLC-01_Q2p.jpg,,,,,,,,,,,,,,,,,,,,,,,,,,,,,,,,,,,,,,,,,,,,,,,,,,,,,,,,,,,,,,,,,,,,,,,,,,,,,,,,,,,,,,,,,,,,,,,,
C-052-10,KLC-01,KLC-01_Q1a.JPG,KLC-01_Q1b.jpg,KLC-01_Q1c.jpg,KLC-01_Q1d.jpg,KLC-01_Q1e.png,KLC-01_Q1f.png,KLC-01_Q1g.png,KLC-01_Q1h.png,KLC-01_Q1i.jpeg,KLC-01_Q1j.jpg,KLC-01_Q1k.jpg,KLC-01_Q1l.jpg,KLC-01_Q1m.jpeg,KLC-01_Q1n.jpg,KLC-01_Q1o.jpg,KLC-01_Q1p.jpg,KLC-01_Q2a.JPG,KLC-01_Q2b.jpg,KLC-01_Q2c.jpg,KLC-01_Q2d.jpg,KLC-01_Q2e.png,KLC-01_Q2f.png,KLC-01_Q2g.png,KLC-01_Q2h.png,KLC-01_Q2i.jpeg,KLC-01_Q2j.jpg,KLC-01_Q2k.jpg,KLC-01_Q2l.jpg,KLC-01_Q2m.jpeg,KLC-01_Q2n.jpg,KLC-01_Q2o.jpg,KLC-01_Q2p.jpg,,,,,,,,,,,,,,,,,,,,,,,,,,,,,,,,,,,,,,,,,,,,,,,,,,,,,,,,,,,,,,,,,,,,,,,,,,,,,,,,,,,,,,,,,,,,,,,,
C-052-11,KLC-01,KLC-01_Q1a.JPG,KLC-01_Q1b.jpg,KLC-01_Q1c.jpg,KLC-01_Q1d.jpg,KLC-01_Q1e.png,KLC-01_Q1f.png,KLC-01_Q1g.png,KLC-01_Q1h.png,KLC-01_Q1i.jpeg,KLC-01_Q1j.jpg,KLC-01_Q1k.jpg,KLC-01_Q1l.jpg,KLC-01_Q1m.jpeg,KLC-01_Q1n.jpg,KLC-01_Q1o.jpg,KLC-01_Q1p.jpg,KLC-01_Q2a.JPG,KLC-01_Q2b.jpg,KLC-01_Q2c.jpg,KLC-01_Q2d.jpg,KLC-01_Q2e.png,KLC-01_Q2f.png,KLC-01_Q2g.png,KLC-01_Q2h.png,KLC-01_Q2i.jpeg,KLC-01_Q2j.jpg,KLC-01_Q2k.jpg,KLC-01_Q2l.jpg,KLC-01_Q2m.jpeg,KLC-01_Q2n.jpg,KLC-01_Q2o.jpg,KLC-01_Q2p.jpg,,,,,,,,,,,,,,,,,,,,,,,,,,,,,,,,,,,,,,,,,,,,,,,,,,,,,,,,,,,,,,,,,,,,,,,,,,,,,,,,,,,,,,,,,,,,,,,,
C-052-13,KLC-01,KLC-01_Q1a.JPG,KLC-01_Q1b.jpg,KLC-01_Q1c.jpg,KLC-01_Q1d.jpg,KLC-01_Q1e.png,KLC-01_Q1f.png,KLC-01_Q1g.png,KLC-01_Q1h.png,KLC-01_Q1i.jpeg,KLC-01_Q1j.jpg,KLC-01_Q1k.jpg,KLC-01_Q1l.jpg,KLC-01_Q1m.jpeg,KLC-01_Q1n.jpg,KLC-01_Q1o.jpg,KLC-01_Q1p.jpg,KLC-01_Q2a.JPG,KLC-01_Q2b.jpg,KLC-01_Q2c.jpg,KLC-01_Q2d.jpg,KLC-01_Q2e.png,KLC-01_Q2f.png,KLC-01_Q2g.png,KLC-01_Q2h.png,KLC-01_Q2i.jpeg,KLC-01_Q2j.jpg,KLC-01_Q2k.jpg,KLC-01_Q2l.jpg,KLC-01_Q2m.jpeg,KLC-01_Q2n.jpg,KLC-01_Q2o.jpg,KLC-01_Q2p.jpg,,,,,,,,,,,,,,,,,,,,,,,,,,,,,,,,,,,,,,,,,,,,,,,,,,,,,,,,,,,,,,,,,,,,,,,,,,,,,,,,,,,,,,,,,,,,,,,,
C-052-99,KLC-01,KLC-01_Q1a.JPG,KLC-01_Q1b.jpg,KLC-01_Q1c.jpg,KLC-01_Q1d.jpg,KLC-01_Q1e.png,KLC-01_Q1f.png,KLC-01_Q1g.png,KLC-01_Q1h.png,KLC-01_Q1i.jpeg,KLC-01_Q1j.jpg,KLC-01_Q1k.jpg,KLC-01_Q1l.jpg,KLC-01_Q1m.jpeg,KLC-01_Q1n.jpg,KLC-01_Q1o.jpg,KLC-01_Q1p.jpg,KLC-01_Q2a.JPG,KLC-01_Q2b.jpg,KLC-01_Q2c.jpg,KLC-01_Q2d.jpg,KLC-01_Q2e.png,KLC-01_Q2f.png,KLC-01_Q2g.png,KLC-01_Q2h.png,KLC-01_Q2i.jpeg,KLC-01_Q2j.jpg,KLC-01_Q2k.jpg,KLC-01_Q2l.jpg,KLC-01_Q2m.jpeg,KLC-01_Q2n.jpg,KLC-01_Q2o.jpg,KLC-01_Q2p.jpg,,,,,,,,,,,,,,,,,,,,,,,,,,,,,,,,,,,,,,,,,,,,,,,,,,,,,,,,,,,,,,,,,,,,,,,,,,,,,,,,,,,,,,,,,,,,,,,,
C-054-05,KLC-01,KLC-01_Q1a.JPG,KLC-01_Q1b.jpg,KLC-01_Q1c.jpg,KLC-01_Q1d.jpg,KLC-01_Q1e.png,KLC-01_Q1f.png,KLC-01_Q1g.png,KLC-01_Q1h.png,KLC-01_Q1i.jpeg,KLC-01_Q1j.jpg,KLC-01_Q1k.jpg,KLC-01_Q1l.jpg,KLC-01_Q1m.jpeg,KLC-01_Q1n.jpg,KLC-01_Q1o.jpg,KLC-01_Q1p.jpg,KLC-01_Q2a.JPG,KLC-01_Q2b.jpg,KLC-01_Q2c.jpg,KLC-01_Q2d.jpg,KLC-01_Q2e.png,KLC-01_Q2f.png,KLC-01_Q2g.png,KLC-01_Q2h.png,KLC-01_Q2i.jpeg,KLC-01_Q2j.jpg,KLC-01_Q2k.jpg,KLC-01_Q2l.jpg,KLC-01_Q2m.jpeg,KLC-01_Q2n.jpg,KLC-01_Q2o.jpg,KLC-01_Q2p.jpg,,,,,,,,,,,,,,,,,,,,,,,,,,,,,,,,,,,,,,,,,,,,,,,,,,,,,,,,,,,,,,,,,,,,,,,,,,,,,,,,,,,,,,,,,,,,,,,,
C-101-03,KLC-01,KLC-01_Q1a.JPG,KLC-01_Q1b.jpg,KLC-01_Q1c.jpg,KLC-01_Q1d.jpg,KLC-01_Q1e.png,KLC-01_Q1f.png,KLC-01_Q1g.png,KLC-01_Q1h.png,KLC-01_Q1i.jpeg,KLC-01_Q1j.jpg,KLC-01_Q1k.jpg,KLC-01_Q1l.jpg,KLC-01_Q1m.jpeg,KLC-01_Q1n.jpg,KLC-01_Q1o.jpg,KLC-01_Q1p.jpg,KLC-01_Q2a.JPG,KLC-01_Q2b.jpg,KLC-01_Q2c.jpg,KLC-01_Q2d.jpg,KLC-01_Q2e.png,KLC-01_Q2f.png,KLC-01_Q2g.png,KLC-01_Q2h.png,KLC-01_Q2i.jpeg,KLC-01_Q2j.jpg,KLC-01_Q2k.jpg,KLC-01_Q2l.jpg,KLC-01_Q2m.jpeg,KLC-01_Q2n.jpg,KLC-01_Q2o.jpg,KLC-01_Q2p.jpg,,,,,,,,,,,,,,,,,,,,,,,,,,,,,,,,,,,,,,,,,,,,,,,,,,,,,,,,,,,,,,,,,,,,,,,,,,,,,,,,,,,,,,,,,,,,,,,,
C-041-10,SSP-01,SSP-01_Q1a.JPG,SSP-01_Q1b.jpg,SSP-01_Q1c.jpg,SSP-01_Q1d.jpg,SSP-01_Q1e.png,SSP-01_Q1f.png,SSP-01_Q1g.png,SSP-01_Q1h.png,SSP-01_Q1i.jpeg,SSP-01_Q1j.jpg,SSP-01_Q1k.jpg,SSP-01_Q1l.jpg,SSP-01_Q1m.jpeg,SSP-01_Q1n.jpg,SSP-01_Q1o.jpg,SSP-01_Q1p.jpg,SSP-01_Q2a.JPG,SSP-01_Q2b.jpg,SSP-01_Q2c.jpg,SSP-01_Q2d.jpg,SSP-01_Q2e.png,SSP-01_Q2f.png,SSP-01_Q2g.png,SSP-01_Q2h.png,SSP-01_Q2i.jpeg,SSP-01_Q2j.jpg,SSP-01_Q2k.jpg,SSP-01_Q2l.jpg,SSP-01_Q2m.jpeg,SSP-01_Q2n.jpg,SSP-01_Q2o.jpg,SSP-01_Q2p.jpg,,,,,,,,,,,,,,,,,,,,,,,,,,,,,,,,,,,,,,,,,,,,,,,,,,,,,,,,,,,,,,,,,,,,,,,,,,,,,,,,,,,,,,,,,,,,,,,,
C-041-11,SSP-01,SSP-01_Q1a.JPG,SSP-01_Q1b.jpg,SSP-01_Q1c.jpg,SSP-01_Q1d.jpg,SSP-01_Q1e.png,SSP-01_Q1f.png,SSP-01_Q1g.png,SSP-01_Q1h.png,SSP-01_Q1i.jpeg,SSP-01_Q1j.jpg,SSP-01_Q1k.jpg,SSP-01_Q1l.jpg,SSP-01_Q1m.jpeg,SSP-01_Q1n.jpg,SSP-01_Q1o.jpg,SSP-01_Q1p.jpg,SSP-01_Q2a.JPG,SSP-01_Q2b.jpg,SSP-01_Q2c.jpg,SSP-01_Q2d.jpg,SSP-01_Q2e.png,SSP-01_Q2f.png,SSP-01_Q2g.png,SSP-01_Q2h.png,SSP-01_Q2i.jpeg,SSP-01_Q2j.jpg,SSP-01_Q2k.jpg,SSP-01_Q2l.jpg,SSP-01_Q2m.jpeg,SSP-01_Q2n.jpg,SSP-01_Q2o.jpg,SSP-01_Q2p.jpg,,,,,,,,,,,,,,,,,,,,,,,,,,,,,,,,,,,,,,,,,,,,,,,,,,,,,,,,,,,,,,,,,,,,,,,,,,,,,,,,,,,,,,,,,,,,,,,,
C-041-12,SSP-01,SSP-01_Q1a.JPG,SSP-01_Q1b.jpg,SSP-01_Q1c.jpg,SSP-01_Q1d.jpg,SSP-01_Q1e.png,SSP-01_Q1f.png,SSP-01_Q1g.png,SSP-01_Q1h.png,SSP-01_Q1i.jpeg,SSP-01_Q1j.jpg,SSP-01_Q1k.jpg,SSP-01_Q1l.jpg,SSP-01_Q1m.jpeg,SSP-01_Q1n.jpg,SSP-01_Q1o.jpg,SSP-01_Q1p.jpg,SSP-01_Q2a.JPG,SSP-01_Q2b.jpg,SSP-01_Q2c.jpg,SSP-01_Q2d.jpg,SSP-01_Q2e.png,SSP-01_Q2f.png,SSP-01_Q2g.png,SSP-01_Q2h.png,SSP-01_Q2i.jpeg,SSP-01_Q2j.jpg,SSP-01_Q2k.jpg,SSP-01_Q2l.jpg,SSP-01_Q2m.jpeg,SSP-01_Q2n.jpg,SSP-01_Q2o.jpg,SSP-01_Q2p.jpg,,,,,,,,,,,,,,,,,,,,,,,,,,,,,,,,,,,,,,,,,,,,,,,,,,,,,,,,,,,,,,,,,,,,,,,,,,,,,,,,,,,,,,,,,,,,,,,,
C-041-13,SSP-01,SSP-01_Q1a.JPG,SSP-01_Q1b.jpg,SSP-01_Q1c.jpg,SSP-01_Q1d.jpg,SSP-01_Q1e.png,SSP-01_Q1f.png,SSP-01_Q1g.png,SSP-01_Q1h.png,SSP-01_Q1i.jpeg,SSP-01_Q1j.jpg,SSP-01_Q1k.jpg,SSP-01_Q1l.jpg,SSP-01_Q1m.jpeg,SSP-01_Q1n.jpg,SSP-01_Q1o.jpg,SSP-01_Q1p.jpg,SSP-01_Q2a.JPG,SSP-01_Q2b.jpg,SSP-01_Q2c.jpg,SSP-01_Q2d.jpg,SSP-01_Q2e.png,SSP-01_Q2f.png,SSP-01_Q2g.png,SSP-01_Q2h.png,SSP-01_Q2i.jpeg,SSP-01_Q2j.jpg,SSP-01_Q2k.jpg,SSP-01_Q2l.jpg,SSP-01_Q2m.jpeg,SSP-01_Q2n.jpg,SSP-01_Q2o.jpg,SSP-01_Q2p.jpg,,,,,,,,,,,,,,,,,,,,,,,,,,,,,,,,,,,,,,,,,,,,,,,,,,,,,,,,,,,,,,,,,,,,,,,,,,,,,,,,,,,,,,,,,,,,,,,,
C-041-14,SSP-01,SSP-01_Q1a.JPG,SSP-01_Q1b.jpg,SSP-01_Q1c.jpg,SSP-01_Q1d.jpg,SSP-01_Q1e.png,SSP-01_Q1f.png,SSP-01_Q1g.png,SSP-01_Q1h.png,SSP-01_Q1i.jpeg,SSP-01_Q1j.jpg,SSP-01_Q1k.jpg,SSP-01_Q1l.jpg,SSP-01_Q1m.jpeg,SSP-01_Q1n.jpg,SSP-01_Q1o.jpg,SSP-01_Q1p.jpg,SSP-01_Q2a.JPG,SSP-01_Q2b.jpg,SSP-01_Q2c.jpg,SSP-01_Q2d.jpg,SSP-01_Q2e.png,SSP-01_Q2f.png,SSP-01_Q2g.png,SSP-01_Q2h.png,SSP-01_Q2i.jpeg,SSP-01_Q2j.jpg,SSP-01_Q2k.jpg,SSP-01_Q2l.jpg,SSP-01_Q2m.jpeg,SSP-01_Q2n.jpg,SSP-01_Q2o.jpg,SSP-01_Q2p.jpg,,,,,,,,,,,,,,,,,,,,,,,,,,,,,,,,,,,,,,,,,,,,,,,,,,,,,,,,,,,,,,,,,,,,,,,,,,,,,,,,,,,,,,,,,,,,,,,,
C-026-05,SSP-01,SSP-01_Q1a.JPG,SSP-01_Q1b.jpg,SSP-01_Q1c.jpg,SSP-01_Q1d.jpg,SSP-01_Q1e.png,SSP-01_Q1f.png,SSP-01_Q1g.png,SSP-01_Q1h.png,SSP-01_Q1i.jpeg,SSP-01_Q1j.jpg,SSP-01_Q1k.jpg,SSP-01_Q1l.jpg,SSP-01_Q1m.jpeg,SSP-01_Q1n.jpg,SSP-01_Q1o.jpg,SSP-01_Q1p.jpg,SSP-01_Q2a.JPG,SSP-01_Q2b.jpg,SSP-01_Q2c.jpg,SSP-01_Q2d.jpg,SSP-01_Q2e.png,SSP-01_Q2f.png,SSP-01_Q2g.png,SSP-01_Q2h.png,SSP-01_Q2i.jpeg,SSP-01_Q2j.jpg,SSP-01_Q2k.jpg,SSP-01_Q2l.jpg,SSP-01_Q2m.jpeg,SSP-01_Q2n.jpg,SSP-01_Q2o.jpg,SSP-01_Q2p.jpg,,,,,,,,,,,,,,,,,,,,,,,,,,,,,,,,,,,,,,,,,,,,,,,,,,,,,,,,,,,,,,,,,,,,,,,,,,,,,,,,,,,,,,,,,,,,,,,,
C-026-06,SSP-01,SSP-01_Q1a.JPG,SSP-01_Q1b.jpg,SSP-01_Q1c.jpg,SSP-01_Q1d.jpg,SSP-01_Q1e.png,SSP-01_Q1f.png,SSP-01_Q1g.png,SSP-01_Q1h.png,SSP-01_Q1i.jpeg,SSP-01_Q1j.jpg,SSP-01_Q1k.jpg,SSP-01_Q1l.jpg,SSP-01_Q1m.jpeg,SSP-01_Q1n.jpg,SSP-01_Q1o.jpg,SSP-01_Q1p.jpg,SSP-01_Q2a.JPG,SSP-01_Q2b.jpg,SSP-01_Q2c.jpg,SSP-01_Q2d.jpg,SSP-01_Q2e.png,SSP-01_Q2f.png,SSP-01_Q2g.png,SSP-01_Q2h.png,SSP-01_Q2i.jpeg,SSP-01_Q2j.jpg,SSP-01_Q2k.jpg,SSP-01_Q2l.jpg,SSP-01_Q2m.jpeg,SSP-01_Q2n.jpg,SSP-01_Q2o.jpg,SSP-01_Q2p.jpg,,,,,,,,,,,,,,,,,,,,,,,,,,,,,,,,,,,,,,,,,,,,,,,,,,,,,,,,,,,,,,,,,,,,,,,,,,,,,,,,,,,,,,,,,,,,,,,,
C-029-07,SSP-01,SSP-01_Q1a.JPG,SSP-01_Q1b.jpg,SSP-01_Q1c.jpg,SSP-01_Q1d.jpg,SSP-01_Q1e.png,SSP-01_Q1f.png,SSP-01_Q1g.png,SSP-01_Q1h.png,SSP-01_Q1i.jpeg,SSP-01_Q1j.jpg,SSP-01_Q1k.jpg,SSP-01_Q1l.jpg,SSP-01_Q1m.jpeg,SSP-01_Q1n.jpg,SSP-01_Q1o.jpg,SSP-01_Q1p.jpg,SSP-01_Q2a.JPG,SSP-01_Q2b.jpg,SSP-01_Q2c.jpg,SSP-01_Q2d.jpg,SSP-01_Q2e.png,SSP-01_Q2f.png,SSP-01_Q2g.png,SSP-01_Q2h.png,SSP-01_Q2i.jpeg,SSP-01_Q2j.jpg,SSP-01_Q2k.jpg,SSP-01_Q2l.jpg,SSP-01_Q2m.jpeg,SSP-01_Q2n.jpg,SSP-01_Q2o.jpg,SSP-01_Q2p.jpg,,,,,,,,,,,,,,,,,,,,,,,,,,,,,,,,,,,,,,,,,,,,,,,,,,,,,,,,,,,,,,,,,,,,,,,,,,,,,,,,,,,,,,,,,,,,,,,,
C-029-08,SSP-01,SSP-01_Q1a.JPG,SSP-01_Q1b.jpg,SSP-01_Q1c.jpg,SSP-01_Q1d.jpg,SSP-01_Q1e.png,SSP-01_Q1f.png,SSP-01_Q1g.png,SSP-01_Q1h.png,SSP-01_Q1i.jpeg,SSP-01_Q1j.jpg,SSP-01_Q1k.jpg,SSP-01_Q1l.jpg,SSP-01_Q1m.jpeg,SSP-01_Q1n.jpg,SSP-01_Q1o.jpg,SSP-01_Q1p.jpg,SSP-01_Q2a.JPG,SSP-01_Q2b.jpg,SSP-01_Q2c.jpg,SSP-01_Q2d.jpg,SSP-01_Q2e.png,SSP-01_Q2f.png,SSP-01_Q2g.png,SSP-01_Q2h.png,SSP-01_Q2i.jpeg,SSP-01_Q2j.jpg,SSP-01_Q2k.jpg,SSP-01_Q2l.jpg,SSP-01_Q2m.jpeg,SSP-01_Q2n.jpg,SSP-01_Q2o.jpg,SSP-01_Q2p.jpg,,,,,,,,,,,,,,,,,,,,,,,,,,,,,,,,,,,,,,,,,,,,,,,,,,,,,,,,,,,,,,,,,,,,,,,,,,,,,,,,,,,,,,,,,,,,,,,,
C-029-09,SSP-01,SSP-01_Q1a.JPG,SSP-01_Q1b.jpg,SSP-01_Q1c.jpg,SSP-01_Q1d.jpg,SSP-01_Q1e.png,SSP-01_Q1f.png,SSP-01_Q1g.png,SSP-01_Q1h.png,SSP-01_Q1i.jpeg,SSP-01_Q1j.jpg,SSP-01_Q1k.jpg,SSP-01_Q1l.jpg,SSP-01_Q1m.jpeg,SSP-01_Q1n.jpg,SSP-01_Q1o.jpg,SSP-01_Q1p.jpg,SSP-01_Q2a.JPG,SSP-01_Q2b.jpg,SSP-01_Q2c.jpg,SSP-01_Q2d.jpg,SSP-01_Q2e.png,SSP-01_Q2f.png,SSP-01_Q2g.png,SSP-01_Q2h.png,SSP-01_Q2i.jpeg,SSP-01_Q2j.jpg,SSP-01_Q2k.jpg,SSP-01_Q2l.jpg,SSP-01_Q2m.jpeg,SSP-01_Q2n.jpg,SSP-01_Q2o.jpg,SSP-01_Q2p.jpg,,,,,,,,,,,,,,,,,,,,,,,,,,,,,,,,,,,,,,,,,,,,,,,,,,,,,,,,,,,,,,,,,,,,,,,,,,,,,,,,,,,,,,,,,,,,,,,,
C-030-08,SSP-01,SSP-01_Q1a.JPG,SSP-01_Q1b.jpg,SSP-01_Q1c.jpg,SSP-01_Q1d.jpg,SSP-01_Q1e.png,SSP-01_Q1f.png,SSP-01_Q1g.png,SSP-01_Q1h.png,SSP-01_Q1i.jpeg,SSP-01_Q1j.jpg,SSP-01_Q1k.jpg,SSP-01_Q1l.jpg,SSP-01_Q1m.jpeg,SSP-01_Q1n.jpg,SSP-01_Q1o.jpg,SSP-01_Q1p.jpg,SSP-01_Q2a.JPG,SSP-01_Q2b.jpg,SSP-01_Q2c.jpg,SSP-01_Q2d.jpg,SSP-01_Q2e.png,SSP-01_Q2f.png,SSP-01_Q2g.png,SSP-01_Q2h.png,SSP-01_Q2i.jpeg,SSP-01_Q2j.jpg,SSP-01_Q2k.jpg,SSP-01_Q2l.jpg,SSP-01_Q2m.jpeg,SSP-01_Q2n.jpg,SSP-01_Q2o.jpg,SSP-01_Q2p.jpg,,,,,,,,,,,,,,,,,,,,,,,,,,,,,,,,,,,,,,,,,,,,,,,,,,,,,,,,,,,,,,,,,,,,,,,,,,,,,,,,,,,,,,,,,,,,,,,,
C-030-09,SSP-01,SSP-01_Q1a.JPG,SSP-01_Q1b.jpg,SSP-01_Q1c.jpg,SSP-01_Q1d.jpg,SSP-01_Q1e.png,SSP-01_Q1f.png,SSP-01_Q1g.png,SSP-01_Q1h.png,SSP-01_Q1i.jpeg,SSP-01_Q1j.jpg,SSP-01_Q1k.jpg,SSP-01_Q1l.jpg,SSP-01_Q1m.jpeg,SSP-01_Q1n.jpg,SSP-01_Q1o.jpg,SSP-01_Q1p.jpg,SSP-01_Q2a.JPG,SSP-01_Q2b.jpg,SSP-01_Q2c.jpg,SSP-01_Q2d.jpg,SSP-01_Q2e.png,SSP-01_Q2f.png,SSP-01_Q2g.png,SSP-01_Q2h.png,SSP-01_Q2i.jpeg,SSP-01_Q2j.jpg,SSP-01_Q2k.jpg,SSP-01_Q2l.jpg,SSP-01_Q2m.jpeg,SSP-01_Q2n.jpg,SSP-01_Q2o.jpg,SSP-01_Q2p.jpg,,,,,,,,,,,,,,,,,,,,,,,,,,,,,,,,,,,,,,,,,,,,,,,,,,,,,,,,,,,,,,,,,,,,,,,,,,,,,,,,,,,,,,,,,,,,,,,,
C-030-10,SSP-01,SSP-01_Q1a.JPG,SSP-01_Q1b.jpg,SSP-01_Q1c.jpg,SSP-01_Q1d.jpg,SSP-01_Q1e.png,SSP-01_Q1f.png,SSP-01_Q1g.png,SSP-01_Q1h.png,SSP-01_Q1i.jpeg,SSP-01_Q1j.jpg,SSP-01_Q1k.jpg,SSP-01_Q1l.jpg,SSP-01_Q1m.jpeg,SSP-01_Q1n.jpg,SSP-01_Q1o.jpg,SSP-01_Q1p.jpg,SSP-01_Q2a.JPG,SSP-01_Q2b.jpg,SSP-01_Q2c.jpg,SSP-01_Q2d.jpg,SSP-01_Q2e.png,SSP-01_Q2f.png,SSP-01_Q2g.png,SSP-01_Q2h.png,SSP-01_Q2i.jpeg,SSP-01_Q2j.jpg,SSP-01_Q2k.jpg,SSP-01_Q2l.jpg,SSP-01_Q2m.jpeg,SSP-01_Q2n.jpg,SSP-01_Q2o.jpg,SSP-01_Q2p.jpg,,,,,,,,,,,,,,,,,,,,,,,,,,,,,,,,,,,,,,,,,,,,,,,,,,,,,,,,,,,,,,,,,,,,,,,,,,,,,,,,,,,,,,,,,,,,,,,,
C-043-08,SSP-01,SSP-01_Q1a.JPG,SSP-01_Q1b.jpg,SSP-01_Q1c.jpg,SSP-01_Q1d.jpg,SSP-01_Q1e.png,SSP-01_Q1f.png,SSP-01_Q1g.png,SSP-01_Q1h.png,SSP-01_Q1i.jpeg,SSP-01_Q1j.jpg,SSP-01_Q1k.jpg,SSP-01_Q1l.jpg,SSP-01_Q1m.jpeg,SSP-01_Q1n.jpg,SSP-01_Q1o.jpg,SSP-01_Q1p.jpg,SSP-01_Q2a.JPG,SSP-01_Q2b.jpg,SSP-01_Q2c.jpg,SSP-01_Q2d.jpg,SSP-01_Q2e.png,SSP-01_Q2f.png,SSP-01_Q2g.png,SSP-01_Q2h.png,SSP-01_Q2i.jpeg,SSP-01_Q2j.jpg,SSP-01_Q2k.jpg,SSP-01_Q2l.jpg,SSP-01_Q2m.jpeg,SSP-01_Q2n.jpg,SSP-01_Q2o.jpg,SSP-01_Q2p.jpg,,,,,,,,,,,,,,,,,,,,,,,,,,,,,,,,,,,,,,,,,,,,,,,,,,,,,,,,,,,,,,,,,,,,,,,,,,,,,,,,,,,,,,,,,,,,,,,,
C-043-09,SSP-01,SSP-01_Q1a.JPG,SSP-01_Q1b.jpg,SSP-01_Q1c.jpg,SSP-01_Q1d.jpg,SSP-01_Q1e.png,SSP-01_Q1f.png,SSP-01_Q1g.png,SSP-01_Q1h.png,SSP-01_Q1i.jpeg,SSP-01_Q1j.jpg,SSP-01_Q1k.jpg,SSP-01_Q1l.jpg,SSP-01_Q1m.jpeg,SSP-01_Q1n.jpg,SSP-01_Q1o.jpg,SSP-01_Q1p.jpg,SSP-01_Q2a.JPG,SSP-01_Q2b.jpg,SSP-01_Q2c.jpg,SSP-01_Q2d.jpg,SSP-01_Q2e.png,SSP-01_Q2f.png,SSP-01_Q2g.png,SSP-01_Q2h.png,SSP-01_Q2i.jpeg,SSP-01_Q2j.jpg,SSP-01_Q2k.jpg,SSP-01_Q2l.jpg,SSP-01_Q2m.jpeg,SSP-01_Q2n.jpg,SSP-01_Q2o.jpg,SSP-01_Q2p.jpg,,,,,,,,,,,,,,,,,,,,,,,,,,,,,,,,,,,,,,,,,,,,,,,,,,,,,,,,,,,,,,,,,,,,,,,,,,,,,,,,,,,,,,,,,,,,,,,,
C-043-10,SSP-01,SSP-01_Q1a.JPG,SSP-01_Q1b.jpg,SSP-01_Q1c.jpg,SSP-01_Q1d.jpg,SSP-01_Q1e.png,SSP-01_Q1f.png,SSP-01_Q1g.png,SSP-01_Q1h.png,SSP-01_Q1i.jpeg,SSP-01_Q1j.jpg,SSP-01_Q1k.jpg,SSP-01_Q1l.jpg,SSP-01_Q1m.jpeg,SSP-01_Q1n.jpg,SSP-01_Q1o.jpg,SSP-01_Q1p.jpg,SSP-01_Q2a.JPG,SSP-01_Q2b.jpg,SSP-01_Q2c.jpg,SSP-01_Q2d.jpg,SSP-01_Q2e.png,SSP-01_Q2f.png,SSP-01_Q2g.png,SSP-01_Q2h.png,SSP-01_Q2i.jpeg,SSP-01_Q2j.jpg,SSP-01_Q2k.jpg,SSP-01_Q2l.jpg,SSP-01_Q2m.jpeg,SSP-01_Q2n.jpg,SSP-01_Q2o.jpg,SSP-01_Q2p.jpg,,,,,,,,,,,,,,,,,,,,,,,,,,,,,,,,,,,,,,,,,,,,,,,,,,,,,,,,,,,,,,,,,,,,,,,,,,,,,,,,,,,,,,,,,,,,,,,,
C-036-03,SSP-01,SSP-01_Q1a.JPG,SSP-01_Q1b.jpg,SSP-01_Q1c.jpg,SSP-01_Q1d.jpg,SSP-01_Q1e.png,SSP-01_Q1f.png,SSP-01_Q1g.png,SSP-01_Q1h.png,SSP-01_Q1i.jpeg,SSP-01_Q1j.jpg,SSP-01_Q1k.jpg,SSP-01_Q1l.jpg,SSP-01_Q1m.jpeg,SSP-01_Q1n.jpg,SSP-01_Q1o.jpg,SSP-01_Q1p.jpg,SSP-01_Q2a.JPG,SSP-01_Q2b.jpg,SSP-01_Q2c.jpg,SSP-01_Q2d.jpg,SSP-01_Q2e.png,SSP-01_Q2f.png,SSP-01_Q2g.png,SSP-01_Q2h.png,SSP-01_Q2i.jpeg,SSP-01_Q2j.jpg,SSP-01_Q2k.jpg,SSP-01_Q2l.jpg,SSP-01_Q2m.jpeg,SSP-01_Q2n.jpg,SSP-01_Q2o.jpg,SSP-01_Q2p.jpg,,,,,,,,,,,,,,,,,,,,,,,,,,,,,,,,,,,,,,,,,,,,,,,,,,,,,,,,,,,,,,,,,,,,,,,,,,,,,,,,,,,,,,,,,,,,,,,,
C-028-05,SSP-01,SSP-01_Q1a.JPG,SSP-01_Q1b.jpg,SSP-01_Q1c.jpg,SSP-01_Q1d.jpg,SSP-01_Q1e.png,SSP-01_Q1f.png,SSP-01_Q1g.png,SSP-01_Q1h.png,SSP-01_Q1i.jpeg,SSP-01_Q1j.jpg,SSP-01_Q1k.jpg,SSP-01_Q1l.jpg,SSP-01_Q1m.jpeg,SSP-01_Q1n.jpg,SSP-01_Q1o.jpg,SSP-01_Q1p.jpg,SSP-01_Q2a.JPG,SSP-01_Q2b.jpg,SSP-01_Q2c.jpg,SSP-01_Q2d.jpg,SSP-01_Q2e.png,SSP-01_Q2f.png,SSP-01_Q2g.png,SSP-01_Q2h.png,SSP-01_Q2i.jpeg,SSP-01_Q2j.jpg,SSP-01_Q2k.jpg,SSP-01_Q2l.jpg,SSP-01_Q2m.jpeg,SSP-01_Q2n.jpg,SSP-01_Q2o.jpg,SSP-01_Q2p.jpg,,,,,,,,,,,,,,,,,,,,,,,,,,,,,,,,,,,,,,,,,,,,,,,,,,,,,,,,,,,,,,,,,,,,,,,,,,,,,,,,,,,,,,,,,,,,,,,,
C-028-06,SSP-01,SSP-01_Q1a.JPG,SSP-01_Q1b.jpg,SSP-01_Q1c.jpg,SSP-01_Q1d.jpg,SSP-01_Q1e.png,SSP-01_Q1f.png,SSP-01_Q1g.png,SSP-01_Q1h.png,SSP-01_Q1i.jpeg,SSP-01_Q1j.jpg,SSP-01_Q1k.jpg,SSP-01_Q1l.jpg,SSP-01_Q1m.jpeg,SSP-01_Q1n.jpg,SSP-01_Q1o.jpg,SSP-01_Q1p.jpg,SSP-01_Q2a.JPG,SSP-01_Q2b.jpg,SSP-01_Q2c.jpg,SSP-01_Q2d.jpg,SSP-01_Q2e.png,SSP-01_Q2f.png,SSP-01_Q2g.png,SSP-01_Q2h.png,SSP-01_Q2i.jpeg,SSP-01_Q2j.jpg,SSP-01_Q2k.jpg,SSP-01_Q2l.jpg,SSP-01_Q2m.jpeg,SSP-01_Q2n.jpg,SSP-01_Q2o.jpg,SSP-01_Q2p.jpg,,,,,,,,,,,,,,,,,,,,,,,,,,,,,,,,,,,,,,,,,,,,,,,,,,,,,,,,,,,,,,,,,,,,,,,,,,,,,,,,,,,,,,,,,,,,,,,,
C-028-07,SSP-01,SSP-01_Q1a.JPG,SSP-01_Q1b.jpg,SSP-01_Q1c.jpg,SSP-01_Q1d.jpg,SSP-01_Q1e.png,SSP-01_Q1f.png,SSP-01_Q1g.png,SSP-01_Q1h.png,SSP-01_Q1i.jpeg,SSP-01_Q1j.jpg,SSP-01_Q1k.jpg,SSP-01_Q1l.jpg,SSP-01_Q1m.jpeg,SSP-01_Q1n.jpg,SSP-01_Q1o.jpg,SSP-01_Q1p.jpg,SSP-01_Q2a.JPG,SSP-01_Q2b.jpg,SSP-01_Q2c.jpg,SSP-01_Q2d.jpg,SSP-01_Q2e.png,SSP-01_Q2f.png,SSP-01_Q2g.png,SSP-01_Q2h.png,SSP-01_Q2i.jpeg,SSP-01_Q2j.jpg,SSP-01_Q2k.jpg,SSP-01_Q2l.jpg,SSP-01_Q2m.jpeg,SSP-01_Q2n.jpg,SSP-01_Q2o.jpg,SSP-01_Q2p.jpg,,,,,,,,,,,,,,,,,,,,,,,,,,,,,,,,,,,,,,,,,,,,,,,,,,,,,,,,,,,,,,,,,,,,,,,,,,,,,,,,,,,,,,,,,,,,,,,,
C-028-08,SSP-01,SSP-01_Q1a.JPG,SSP-01_Q1b.jpg,SSP-01_Q1c.jpg,SSP-01_Q1d.jpg,SSP-01_Q1e.png,SSP-01_Q1f.png,SSP-01_Q1g.png,SSP-01_Q1h.png,SSP-01_Q1i.jpeg,SSP-01_Q1j.jpg,SSP-01_Q1k.jpg,SSP-01_Q1l.jpg,SSP-01_Q1m.jpeg,SSP-01_Q1n.jpg,SSP-01_Q1o.jpg,SSP-01_Q1p.jpg,SSP-01_Q2a.JPG,SSP-01_Q2b.jpg,SSP-01_Q2c.jpg,SSP-01_Q2d.jpg,SSP-01_Q2e.png,SSP-01_Q2f.png,SSP-01_Q2g.png,SSP-01_Q2h.png,SSP-01_Q2i.jpeg,SSP-01_Q2j.jpg,SSP-01_Q2k.jpg,SSP-01_Q2l.jpg,SSP-01_Q2m.jpeg,SSP-01_Q2n.jpg,SSP-01_Q2o.jpg,SSP-01_Q2p.jpg,,,,,,,,,,,,,,,,,,,,,,,,,,,,,,,,,,,,,,,,,,,,,,,,,,,,,,,,,,,,,,,,,,,,,,,,,,,,,,,,,,,,,,,,,,,,,,,,
C-039-03,SSP-01,SSP-01_Q1a.JPG,SSP-01_Q1b.jpg,SSP-01_Q1c.jpg,SSP-01_Q1d.jpg,SSP-01_Q1e.png,SSP-01_Q1f.png,SSP-01_Q1g.png,SSP-01_Q1h.png,SSP-01_Q1i.jpeg,SSP-01_Q1j.jpg,SSP-01_Q1k.jpg,SSP-01_Q1l.jpg,SSP-01_Q1m.jpeg,SSP-01_Q1n.jpg,SSP-01_Q1o.jpg,SSP-01_Q1p.jpg,SSP-01_Q2a.JPG,SSP-01_Q2b.jpg,SSP-01_Q2c.jpg,SSP-01_Q2d.jpg,SSP-01_Q2e.png,SSP-01_Q2f.png,SSP-01_Q2g.png,SSP-01_Q2h.png,SSP-01_Q2i.jpeg,SSP-01_Q2j.jpg,SSP-01_Q2k.jpg,SSP-01_Q2l.jpg,SSP-01_Q2m.jpeg,SSP-01_Q2n.jpg,SSP-01_Q2o.jpg,SSP-01_Q2p.jpg,,,,,,,,,,,,,,,,,,,,,,,,,,,,,,,,,,,,,,,,,,,,,,,,,,,,,,,,,,,,,,,,,,,,,,,,,,,,,,,,,,,,,,,,,,,,,,,,
C-033-08,SSP-01,SSP-01_Q1a.JPG,SSP-01_Q1b.jpg,SSP-01_Q1c.jpg,SSP-01_Q1d.jpg,SSP-01_Q1e.png,SSP-01_Q1f.png,SSP-01_Q1g.png,SSP-01_Q1h.png,SSP-01_Q1i.jpeg,SSP-01_Q1j.jpg,SSP-01_Q1k.jpg,SSP-01_Q1l.jpg,SSP-01_Q1m.jpeg,SSP-01_Q1n.jpg,SSP-01_Q1o.jpg,SSP-01_Q1p.jpg,SSP-01_Q2a.JPG,SSP-01_Q2b.jpg,SSP-01_Q2c.jpg,SSP-01_Q2d.jpg,SSP-01_Q2e.png,SSP-01_Q2f.png,SSP-01_Q2g.png,SSP-01_Q2h.png,SSP-01_Q2i.jpeg,SSP-01_Q2j.jpg,SSP-01_Q2k.jpg,SSP-01_Q2l.jpg,SSP-01_Q2m.jpeg,SSP-01_Q2n.jpg,SSP-01_Q2o.jpg,SSP-01_Q2p.jpg,,,,,,,,,,,,,,,,,,,,,,,,,,,,,,,,,,,,,,,,,,,,,,,,,,,,,,,,,,,,,,,,,,,,,,,,,,,,,,,,,,,,,,,,,,,,,,,,
C-033-09,SSP-01,SSP-01_Q1a.JPG,SSP-01_Q1b.jpg,SSP-01_Q1c.jpg,SSP-01_Q1d.jpg,SSP-01_Q1e.png,SSP-01_Q1f.png,SSP-01_Q1g.png,SSP-01_Q1h.png,SSP-01_Q1i.jpeg,SSP-01_Q1j.jpg,SSP-01_Q1k.jpg,SSP-01_Q1l.jpg,SSP-01_Q1m.jpeg,SSP-01_Q1n.jpg,SSP-01_Q1o.jpg,SSP-01_Q1p.jpg,SSP-01_Q2a.JPG,SSP-01_Q2b.jpg,SSP-01_Q2c.jpg,SSP-01_Q2d.jpg,SSP-01_Q2e.png,SSP-01_Q2f.png,SSP-01_Q2g.png,SSP-01_Q2h.png,SSP-01_Q2i.jpeg,SSP-01_Q2j.jpg,SSP-01_Q2k.jpg,SSP-01_Q2l.jpg,SSP-01_Q2m.jpeg,SSP-01_Q2n.jpg,SSP-01_Q2o.jpg,SSP-01_Q2p.jpg,,,,,,,,,,,,,,,,,,,,,,,,,,,,,,,,,,,,,,,,,,,,,,,,,,,,,,,,,,,,,,,,,,,,,,,,,,,,,,,,,,,,,,,,,,,,,,,,
C-033-10,SSP-01,SSP-01_Q1a.JPG,SSP-01_Q1b.jpg,SSP-01_Q1c.jpg,SSP-01_Q1d.jpg,SSP-01_Q1e.png,SSP-01_Q1f.png,SSP-01_Q1g.png,SSP-01_Q1h.png,SSP-01_Q1i.jpeg,SSP-01_Q1j.jpg,SSP-01_Q1k.jpg,SSP-01_Q1l.jpg,SSP-01_Q1m.jpeg,SSP-01_Q1n.jpg,SSP-01_Q1o.jpg,SSP-01_Q1p.jpg,SSP-01_Q2a.JPG,SSP-01_Q2b.jpg,SSP-01_Q2c.jpg,SSP-01_Q2d.jpg,SSP-01_Q2e.png,SSP-01_Q2f.png,SSP-01_Q2g.png,SSP-01_Q2h.png,SSP-01_Q2i.jpeg,SSP-01_Q2j.jpg,SSP-01_Q2k.jpg,SSP-01_Q2l.jpg,SSP-01_Q2m.jpeg,SSP-01_Q2n.jpg,SSP-01_Q2o.jpg,SSP-01_Q2p.jpg,,,,,,,,,,,,,,,,,,,,,,,,,,,,,,,,,,,,,,,,,,,,,,,,,,,,,,,,,,,,,,,,,,,,,,,,,,,,,,,,,,,,,,,,,,,,,,,,
C-037-03,SSP-01,SSP-01_Q1a.JPG,SSP-01_Q1b.jpg,SSP-01_Q1c.jpg,SSP-01_Q1d.jpg,SSP-01_Q1e.png,SSP-01_Q1f.png,SSP-01_Q1g.png,SSP-01_Q1h.png,SSP-01_Q1i.jpeg,SSP-01_Q1j.jpg,SSP-01_Q1k.jpg,SSP-01_Q1l.jpg,SSP-01_Q1m.jpeg,SSP-01_Q1n.jpg,SSP-01_Q1o.jpg,SSP-01_Q1p.jpg,SSP-01_Q2a.JPG,SSP-01_Q2b.jpg,SSP-01_Q2c.jpg,SSP-01_Q2d.jpg,SSP-01_Q2e.png,SSP-01_Q2f.png,SSP-01_Q2g.png,SSP-01_Q2h.png,SSP-01_Q2i.jpeg,SSP-01_Q2j.jpg,SSP-01_Q2k.jpg,SSP-01_Q2l.jpg,SSP-01_Q2m.jpeg,SSP-01_Q2n.jpg,SSP-01_Q2o.jpg,SSP-01_Q2p.jpg,,,,,,,,,,,,,,,,,,,,,,,,,,,,,,,,,,,,,,,,,,,,,,,,,,,,,,,,,,,,,,,,,,,,,,,,,,,,,,,,,,,,,,,,,,,,,,,,
C-060-07,YL-01,YL-01_Q1a.JPG,YL-01_Q1b.jpg,YL-01_Q1c.jpg,YL-01_Q1d.jpg,YL-01_Q1e.png,YL-01_Q1f.png,YL-01_Q1g.png,YL-01_Q1h.png,YL-01_Q1i.jpeg,YL-01_Q1j.jpg,YL-01_Q1k.jpg,YL-01_Q1l.jpg,YL-01_Q1m.jpeg,YL-01_Q1n.jpg,YL-01_Q1o.jpg,YL-01_Q1p.jpg,YL-01_Q2a.JPG,YL-01_Q2b.jpg,YL-01_Q2c.jpg,YL-01_Q2d.jpg,YL-01_Q2e.png,YL-01_Q2f.png,YL-01_Q2g.png,YL-01_Q2h.png,YL-01_Q2i.jpeg,YL-01_Q2j.jpg,YL-01_Q2k.jpg,YL-01_Q2l.jpg,YL-01_Q2m.jpeg,YL-01_Q2n.jpg,YL-01_Q2o.jpg,YL-01_Q2p.jpg,,,,,,,,,,,,,,,,,,,,,,,,,,,,,,,,,,,,,,,,,,,,,,,,,,,,,,,,,,,,,,,,,,,,,,,,,,,,,,,,,,,,,,,,,,,,,,,,
C-060-08,YL-01,YL-01_Q1a.JPG,YL-01_Q1b.jpg,YL-01_Q1c.jpg,YL-01_Q1d.jpg,YL-01_Q1e.png,YL-01_Q1f.png,YL-01_Q1g.png,YL-01_Q1h.png,YL-01_Q1i.jpeg,YL-01_Q1j.jpg,YL-01_Q1k.jpg,YL-01_Q1l.jpg,YL-01_Q1m.jpeg,YL-01_Q1n.jpg,YL-01_Q1o.jpg,YL-01_Q1p.jpg,YL-01_Q2a.JPG,YL-01_Q2b.jpg,YL-01_Q2c.jpg,YL-01_Q2d.jpg,YL-01_Q2e.png,YL-01_Q2f.png,YL-01_Q2g.png,YL-01_Q2h.png,YL-01_Q2i.jpeg,YL-01_Q2j.jpg,YL-01_Q2k.jpg,YL-01_Q2l.jpg,YL-01_Q2m.jpeg,YL-01_Q2n.jpg,YL-01_Q2o.jpg,YL-01_Q2p.jpg,,,,,,,,,,,,,,,,,,,,,,,,,,,,,,,,,,,,,,,,,,,,,,,,,,,,,,,,,,,,,,,,,,,,,,,,,,,,,,,,,,,,,,,,,,,,,,,,
C-060-09,YL-01,YL-01_Q1a.JPG,YL-01_Q1b.jpg,YL-01_Q1c.jpg,YL-01_Q1d.jpg,YL-01_Q1e.png,YL-01_Q1f.png,YL-01_Q1g.png,YL-01_Q1h.png,YL-01_Q1i.jpeg,YL-01_Q1j.jpg,YL-01_Q1k.jpg,YL-01_Q1l.jpg,YL-01_Q1m.jpeg,YL-01_Q1n.jpg,YL-01_Q1o.jpg,YL-01_Q1p.jpg,YL-01_Q2a.JPG,YL-01_Q2b.jpg,YL-01_Q2c.jpg,YL-01_Q2d.jpg,YL-01_Q2e.png,YL-01_Q2f.png,YL-01_Q2g.png,YL-01_Q2h.png,YL-01_Q2i.jpeg,YL-01_Q2j.jpg,YL-01_Q2k.jpg,YL-01_Q2l.jpg,YL-01_Q2m.jpeg,YL-01_Q2n.jpg,YL-01_Q2o.jpg,YL-01_Q2p.jpg,,,,,,,,,,,,,,,,,,,,,,,,,,,,,,,,,,,,,,,,,,,,,,,,,,,,,,,,,,,,,,,,,,,,,,,,,,,,,,,,,,,,,,,,,,,,,,,,
C-060-10,YL-01,YL-01_Q1a.JPG,YL-01_Q1b.jpg,YL-01_Q1c.jpg,YL-01_Q1d.jpg,YL-01_Q1e.png,YL-01_Q1f.png,YL-01_Q1g.png,YL-01_Q1h.png,YL-01_Q1i.jpeg,YL-01_Q1j.jpg,YL-01_Q1k.jpg,YL-01_Q1l.jpg,YL-01_Q1m.jpeg,YL-01_Q1n.jpg,YL-01_Q1o.jpg,YL-01_Q1p.jpg,YL-01_Q2a.JPG,YL-01_Q2b.jpg,YL-01_Q2c.jpg,YL-01_Q2d.jpg,YL-01_Q2e.png,YL-01_Q2f.png,YL-01_Q2g.png,YL-01_Q2h.png,YL-01_Q2i.jpeg,YL-01_Q2j.jpg,YL-01_Q2k.jpg,YL-01_Q2l.jpg,YL-01_Q2m.jpeg,YL-01_Q2n.jpg,YL-01_Q2o.jpg,YL-01_Q2p.jpg,,,,,,,,,,,,,,,,,,,,,,,,,,,,,,,,,,,,,,,,,,,,,,,,,,,,,,,,,,,,,,,,,,,,,,,,,,,,,,,,,,,,,,,,,,,,,,,,
C-061-11,YL-02,YL-02_Q1a.JPG,YL-02_Q1b.jpg,YL-02_Q1c.jpg,YL-02_Q1d.jpg,YL-02_Q1e.png,YL-02_Q1f.png,YL-02_Q1g.png,YL-02_Q1h.png,YL-02_Q1i.jpeg,YL-02_Q1j.jpg,YL-02_Q1k.jpg,YL-02_Q1l.jpg,YL-02_Q1m.jpeg,YL-02_Q1n.jpg,YL-02_Q1o.jpg,YL-02_Q1p.jpg,YL-02_Q2a.JPG,YL-02_Q2b.jpg,YL-02_Q2c.jpg,YL-02_Q2d.jpg,YL-02_Q2e.png,YL-02_Q2f.png,YL-02_Q2g.png,YL-02_Q2h.png,YL-02_Q2i.jpeg,YL-02_Q2j.jpg,YL-02_Q2k.jpg,YL-02_Q2l.jpg,YL-02_Q2m.jpeg,YL-02_Q2n.jpg,YL-02_Q2o.jpg,YL-02_Q2p.jpg,,,,,,,,,,,,,,,,,,,,,,,,,,,,,,,,,,,,,,,,,,,,,,,,,,,,,,,,,,,,,,,,,,,,,,,,,,,,,,,,,,,,,,,,,,,,,,,,
C-061-12,YL-02,YL-02_Q1a.JPG,YL-02_Q1b.jpg,YL-02_Q1c.jpg,YL-02_Q1d.jpg,YL-02_Q1e.png,YL-02_Q1f.png,YL-02_Q1g.png,YL-02_Q1h.png,YL-02_Q1i.jpeg,YL-02_Q1j.jpg,YL-02_Q1k.jpg,YL-02_Q1l.jpg,YL-02_Q1m.jpeg,YL-02_Q1n.jpg,YL-02_Q1o.jpg,YL-02_Q1p.jpg,YL-02_Q2a.JPG,YL-02_Q2b.jpg,YL-02_Q2c.jpg,YL-02_Q2d.jpg,YL-02_Q2e.png,YL-02_Q2f.png,YL-02_Q2g.png,YL-02_Q2h.png,YL-02_Q2i.jpeg,YL-02_Q2j.jpg,YL-02_Q2k.jpg,YL-02_Q2l.jpg,YL-02_Q2m.jpeg,YL-02_Q2n.jpg,YL-02_Q2o.jpg,YL-02_Q2p.jpg,,,,,,,,,,,,,,,,,,,,,,,,,,,,,,,,,,,,,,,,,,,,,,,,,,,,,,,,,,,,,,,,,,,,,,,,,,,,,,,,,,,,,,,,,,,,,,,,
C-061-13,YL-02,YL-02_Q1a.JPG,YL-02_Q1b.jpg,YL-02_Q1c.jpg,YL-02_Q1d.jpg,YL-02_Q1e.png,YL-02_Q1f.png,YL-02_Q1g.png,YL-02_Q1h.png,YL-02_Q1i.jpeg,YL-02_Q1j.jpg,YL-02_Q1k.jpg,YL-02_Q1l.jpg,YL-02_Q1m.jpeg,YL-02_Q1n.jpg,YL-02_Q1o.jpg,YL-02_Q1p.jpg,YL-02_Q2a.JPG,YL-02_Q2b.jpg,YL-02_Q2c.jpg,YL-02_Q2d.jpg,YL-02_Q2e.png,YL-02_Q2f.png,YL-02_Q2g.png,YL-02_Q2h.png,YL-02_Q2i.jpeg,YL-02_Q2j.jpg,YL-02_Q2k.jpg,YL-02_Q2l.jpg,YL-02_Q2m.jpeg,YL-02_Q2n.jpg,YL-02_Q2o.jpg,YL-02_Q2p.jpg,,,,,,,,,,,,,,,,,,,,,,,,,,,,,,,,,,,,,,,,,,,,,,,,,,,,,,,,,,,,,,,,,,,,,,,,,,,,,,,,,,,,,,,,,,,,,,,,
C-061-14,YL-02,YL-02_Q1a.JPG,YL-02_Q1b.jpg,YL-02_Q1c.jpg,YL-02_Q1d.jpg,YL-02_Q1e.png,YL-02_Q1f.png,YL-02_Q1g.png,YL-02_Q1h.png,YL-02_Q1i.jpeg,YL-02_Q1j.jpg,YL-02_Q1k.jpg,YL-02_Q1l.jpg,YL-02_Q1m.jpeg,YL-02_Q1n.jpg,YL-02_Q1o.jpg,YL-02_Q1p.jpg,YL-02_Q2a.JPG,YL-02_Q2b.jpg,YL-02_Q2c.jpg,YL-02_Q2d.jpg,YL-02_Q2e.png,YL-02_Q2f.png,YL-02_Q2g.png,YL-02_Q2h.png,YL-02_Q2i.jpeg,YL-02_Q2j.jpg,YL-02_Q2k.jpg,YL-02_Q2l.jpg,YL-02_Q2m.jpeg,YL-02_Q2n.jpg,YL-02_Q2o.jpg,YL-02_Q2p.jpg,,,,,,,,,,,,,,,,,,,,,,,,,,,,,,,,,,,,,,,,,,,,,,,,,,,,,,,,,,,,,,,,,,,,,,,,,,,,,,,,,,,,,,,,,,,,,,,,
C-061-15,YL-02,YL-02_Q1a.JPG,YL-02_Q1b.jpg,YL-02_Q1c.jpg,YL-02_Q1d.jpg,YL-02_Q1e.png,YL-02_Q1f.png,YL-02_Q1g.png,YL-02_Q1h.png,YL-02_Q1i.jpeg,YL-02_Q1j.jpg,YL-02_Q1k.jpg,YL-02_Q1l.jpg,YL-02_Q1m.jpeg,YL-02_Q1n.jpg,YL-02_Q1o.jpg,YL-02_Q1p.jpg,YL-02_Q2a.JPG,YL-02_Q2b.jpg,YL-02_Q2c.jpg,YL-02_Q2d.jpg,YL-02_Q2e.png,YL-02_Q2f.png,YL-02_Q2g.png,YL-02_Q2h.png,YL-02_Q2i.jpeg,YL-02_Q2j.jpg,YL-02_Q2k.jpg,YL-02_Q2l.jpg,YL-02_Q2m.jpeg,YL-02_Q2n.jpg,YL-02_Q2o.jpg,YL-02_Q2p.jpg,,,,,,,,,,,,,,,,,,,,,,,,,,,,,,,,,,,,,,,,,,,,,,,,,,,,,,,,,,,,,,,,,,,,,,,,,,,,,,,,,,,,,,,,,,,,,,,,
C-061-16,YL-02,YL-02_Q1a.JPG,YL-02_Q1b.jpg,YL-02_Q1c.jpg,YL-02_Q1d.jpg,YL-02_Q1e.png,YL-02_Q1f.png,YL-02_Q1g.png,YL-02_Q1h.png,YL-02_Q1i.jpeg,YL-02_Q1j.jpg,YL-02_Q1k.jpg,YL-02_Q1l.jpg,YL-02_Q1m.jpeg,YL-02_Q1n.jpg,YL-02_Q1o.jpg,YL-02_Q1p.jpg,YL-02_Q2a.JPG,YL-02_Q2b.jpg,YL-02_Q2c.jpg,YL-02_Q2d.jpg,YL-02_Q2e.png,YL-02_Q2f.png,YL-02_Q2g.png,YL-02_Q2h.png,YL-02_Q2i.jpeg,YL-02_Q2j.jpg,YL-02_Q2k.jpg,YL-02_Q2l.jpg,YL-02_Q2m.jpeg,YL-02_Q2n.jpg,YL-02_Q2o.jpg,YL-02_Q2p.jpg,,,,,,,,,,,,,,,,,,,,,,,,,,,,,,,,,,,,,,,,,,,,,,,,,,,,,,,,,,,,,,,,,,,,,,,,,,,,,,,,,,,,,,,,,,,,,,,,
C-063-09,YL-03,YL-03_Q1a.JPG,YL-03_Q1b.jpg,YL-03_Q1c.jpg,YL-03_Q1d.jpg,YL-03_Q1e.png,YL-03_Q1f.png,YL-03_Q1g.png,YL-03_Q1h.png,YL-03_Q1i.jpeg,YL-03_Q1j.jpg,YL-03_Q1k.jpg,YL-03_Q1l.jpg,YL-03_Q1m.jpeg,YL-03_Q1n.jpg,YL-03_Q1o.jpg,YL-03_Q1p.jpg,YL-03_Q2a.JPG,YL-03_Q2b.jpg,YL-03_Q2c.jpg,YL-03_Q2d.jpg,YL-03_Q2e.png,YL-03_Q2f.png,YL-03_Q2g.png,YL-03_Q2h.png,YL-03_Q2i.jpeg,YL-03_Q2j.jpg,YL-03_Q2k.jpg,YL-03_Q2l.jpg,YL-03_Q2m.jpeg,YL-03_Q2n.jpg,YL-03_Q2o.jpg,YL-03_Q2p.jpg,,,,,,,,,,,,,,,,,,,,,,,,,,,,,,,,,,,,,,,,,,,,,,,,,,,,,,,,,,,,,,,,,,,,,,,,,,,,,,,,,,,,,,,,,,,,,,,,
C-063-10,YL-03,YL-03_Q1a.JPG,YL-03_Q1b.jpg,YL-03_Q1c.jpg,YL-03_Q1d.jpg,YL-03_Q1e.png,YL-03_Q1f.png,YL-03_Q1g.png,YL-03_Q1h.png,YL-03_Q1i.jpeg,YL-03_Q1j.jpg,YL-03_Q1k.jpg,YL-03_Q1l.jpg,YL-03_Q1m.jpeg,YL-03_Q1n.jpg,YL-03_Q1o.jpg,YL-03_Q1p.jpg,YL-03_Q2a.JPG,YL-03_Q2b.jpg,YL-03_Q2c.jpg,YL-03_Q2d.jpg,YL-03_Q2e.png,YL-03_Q2f.png,YL-03_Q2g.png,YL-03_Q2h.png,YL-03_Q2i.jpeg,YL-03_Q2j.jpg,YL-03_Q2k.jpg,YL-03_Q2l.jpg,YL-03_Q2m.jpeg,YL-03_Q2n.jpg,YL-03_Q2o.jpg,YL-03_Q2p.jpg,,,,,,,,,,,,,,,,,,,,,,,,,,,,,,,,,,,,,,,,,,,,,,,,,,,,,,,,,,,,,,,,,,,,,,,,,,,,,,,,,,,,,,,,,,,,,,,,
C-063-11,YL-03,YL-03_Q1a.JPG,YL-03_Q1b.jpg,YL-03_Q1c.jpg,YL-03_Q1d.jpg,YL-03_Q1e.png,YL-03_Q1f.png,YL-03_Q1g.png,YL-03_Q1h.png,YL-03_Q1i.jpeg,YL-03_Q1j.jpg,YL-03_Q1k.jpg,YL-03_Q1l.jpg,YL-03_Q1m.jpeg,YL-03_Q1n.jpg,YL-03_Q1o.jpg,YL-03_Q1p.jpg,YL-03_Q2a.JPG,YL-03_Q2b.jpg,YL-03_Q2c.jpg,YL-03_Q2d.jpg,YL-03_Q2e.png,YL-03_Q2f.png,YL-03_Q2g.png,YL-03_Q2h.png,YL-03_Q2i.jpeg,YL-03_Q2j.jpg,YL-03_Q2k.jpg,YL-03_Q2l.jpg,YL-03_Q2m.jpeg,YL-03_Q2n.jpg,YL-03_Q2o.jpg,YL-03_Q2p.jpg,,,,,,,,,,,,,,,,,,,,,,,,,,,,,,,,,,,,,,,,,,,,,,,,,,,,,,,,,,,,,,,,,,,,,,,,,,,,,,,,,,,,,,,,,,,,,,,,
C-063-12,YL-03,YL-03_Q1a.JPG,YL-03_Q1b.jpg,YL-03_Q1c.jpg,YL-03_Q1d.jpg,YL-03_Q1e.png,YL-03_Q1f.png,YL-03_Q1g.png,YL-03_Q1h.png,YL-03_Q1i.jpeg,YL-03_Q1j.jpg,YL-03_Q1k.jpg,YL-03_Q1l.jpg,YL-03_Q1m.jpeg,YL-03_Q1n.jpg,YL-03_Q1o.jpg,YL-03_Q1p.jpg,YL-03_Q2a.JPG,YL-03_Q2b.jpg,YL-03_Q2c.jpg,YL-03_Q2d.jpg,YL-03_Q2e.png,YL-03_Q2f.png,YL-03_Q2g.png,YL-03_Q2h.png,YL-03_Q2i.jpeg,YL-03_Q2j.jpg,YL-03_Q2k.jpg,YL-03_Q2l.jpg,YL-03_Q2m.jpeg,YL-03_Q2n.jpg,YL-03_Q2o.jpg,YL-03_Q2p.jpg,,,,,,,,,,,,,,,,,,,,,,,,,,,,,,,,,,,,,,,,,,,,,,,,,,,,,,,,,,,,,,,,,,,,,,,,,,,,,,,,,,,,,,,,,,,,,,,,
C-066-07,YL-04,YL-04_Q1a.JPG,YL-04_Q1b.jpg,YL-04_Q1c.jpg,YL-04_Q1d.jpg,YL-04_Q1e.png,YL-04_Q1f.png,YL-04_Q1g.png,YL-04_Q1h.png,YL-04_Q1i.jpeg,YL-04_Q1j.jpg,YL-04_Q1k.jpg,YL-04_Q1l.jpg,YL-04_Q1m.jpeg,YL-04_Q1n.jpg,YL-04_Q1o.jpg,YL-04_Q1p.jpg,YL-04_Q2a.JPG,YL-04_Q2b.jpg,YL-04_Q2c.jpg,YL-04_Q2d.jpg,YL-04_Q2e.png,YL-04_Q2f.png,YL-04_Q2g.png,YL-04_Q2h.png,YL-04_Q2i.jpeg,YL-04_Q2j.jpg,YL-04_Q2k.jpg,YL-04_Q2l.jpg,YL-04_Q2m.jpeg,YL-04_Q2n.jpg,YL-04_Q2o.jpg,YL-04_Q2p.jpg,,,,,,,,,,,,,,,,,,,,,,,,,,,,,,,,,,,,,,,,,,,,,,,,,,,,,,,,,,,,,,,,,,,,,,,,,,,,,,,,,,,,,,,,,,,,,,,,
C-066-08,YL-04,YL-04_Q1a.JPG,YL-04_Q1b.jpg,YL-04_Q1c.jpg,YL-04_Q1d.jpg,YL-04_Q1e.png,YL-04_Q1f.png,YL-04_Q1g.png,YL-04_Q1h.png,YL-04_Q1i.jpeg,YL-04_Q1j.jpg,YL-04_Q1k.jpg,YL-04_Q1l.jpg,YL-04_Q1m.jpeg,YL-04_Q1n.jpg,YL-04_Q1o.jpg,YL-04_Q1p.jpg,YL-04_Q2a.JPG,YL-04_Q2b.jpg,YL-04_Q2c.jpg,YL-04_Q2d.jpg,YL-04_Q2e.png,YL-04_Q2f.png,YL-04_Q2g.png,YL-04_Q2h.png,YL-04_Q2i.jpeg,YL-04_Q2j.jpg,YL-04_Q2k.jpg,YL-04_Q2l.jpg,YL-04_Q2m.jpeg,YL-04_Q2n.jpg,YL-04_Q2o.jpg,YL-04_Q2p.jpg,,,,,,,,,,,,,,,,,,,,,,,,,,,,,,,,,,,,,,,,,,,,,,,,,,,,,,,,,,,,,,,,,,,,,,,,,,,,,,,,,,,,,,,,,,,,,,,,
C-066-09,YL-04,YL-04_Q1a.JPG,YL-04_Q1b.jpg,YL-04_Q1c.jpg,YL-04_Q1d.jpg,YL-04_Q1e.png,YL-04_Q1f.png,YL-04_Q1g.png,YL-04_Q1h.png,YL-04_Q1i.jpeg,YL-04_Q1j.jpg,YL-04_Q1k.jpg,YL-04_Q1l.jpg,YL-04_Q1m.jpeg,YL-04_Q1n.jpg,YL-04_Q1o.jpg,YL-04_Q1p.jpg,YL-04_Q2a.JPG,YL-04_Q2b.jpg,YL-04_Q2c.jpg,YL-04_Q2d.jpg,YL-04_Q2e.png,YL-04_Q2f.png,YL-04_Q2g.png,YL-04_Q2h.png,YL-04_Q2i.jpeg,YL-04_Q2j.jpg,YL-04_Q2k.jpg,YL-04_Q2l.jpg,YL-04_Q2m.jpeg,YL-04_Q2n.jpg,YL-04_Q2o.jpg,YL-04_Q2p.jpg,,,,,,,,,,,,,,,,,,,,,,,,,,,,,,,,,,,,,,,,,,,,,,,,,,,,,,,,,,,,,,,,,,,,,,,,,,,,,,,,,,,,,,,,,,,,,,,,
C-067-07,YL-05,YL-05_Q1a.JPG,YL-05_Q1b.jpg,YL-05_Q1c.jpg,YL-05_Q1d.jpg,YL-05_Q1e.png,YL-05_Q1f.png,YL-05_Q1g.png,YL-05_Q1h.png,YL-05_Q1i.jpeg,YL-05_Q1j.jpg,YL-05_Q1k.jpg,YL-05_Q1l.jpg,YL-05_Q1m.jpeg,YL-05_Q1n.jpg,YL-05_Q1o.jpg,YL-05_Q1p.jpg,YL-05_Q2a.JPG,YL-05_Q2b.jpg,YL-05_Q2c.jpg,YL-05_Q2d.jpg,YL-05_Q2e.png,YL-05_Q2f.png,YL-05_Q2g.png,YL-05_Q2h.png,YL-05_Q2i.jpeg,YL-05_Q2j.jpg,YL-05_Q2k.jpg,YL-05_Q2l.jpg,YL-05_Q2m.jpeg,YL-05_Q2n.jpg,YL-05_Q2o.jpg,YL-05_Q2p.jpg,,,,,,,,,,,,,,,,,,,,,,,,,,,,,,,,,,,,,,,,,,,,,,,,,,,,,,,,,,,,,,,,,,,,,,,,,,,,,,,,,,,,,,,,,,,,,,,,
C-067-11,YL-05,YL-05_Q1a.JPG,YL-05_Q1b.jpg,YL-05_Q1c.jpg,YL-05_Q1d.jpg,YL-05_Q1e.png,YL-05_Q1f.png,YL-05_Q1g.png,YL-05_Q1h.png,YL-05_Q1i.jpeg,YL-05_Q1j.jpg,YL-05_Q1k.jpg,YL-05_Q1l.jpg,YL-05_Q1m.jpeg,YL-05_Q1n.jpg,YL-05_Q1o.jpg,YL-05_Q1p.jpg,YL-05_Q2a.JPG,YL-05_Q2b.jpg,YL-05_Q2c.jpg,YL-05_Q2d.jpg,YL-05_Q2e.png,YL-05_Q2f.png,YL-05_Q2g.png,YL-05_Q2h.png,YL-05_Q2i.jpeg,YL-05_Q2j.jpg,YL-05_Q2k.jpg,YL-05_Q2l.jpg,YL-05_Q2m.jpeg,YL-05_Q2n.jpg,YL-05_Q2o.jpg,YL-05_Q2p.jpg,,,,,,,,,,,,,,,,,,,,,,,,,,,,,,,,,,,,,,,,,,,,,,,,,,,,,,,,,,,,,,,,,,,,,,,,,,,,,,,,,,,,,,,,,,,,,,,,
C-067-12,YL-05,YL-05_Q1a.JPG,YL-05_Q1b.jpg,YL-05_Q1c.jpg,YL-05_Q1d.jpg,YL-05_Q1e.png,YL-05_Q1f.png,YL-05_Q1g.png,YL-05_Q1h.png,YL-05_Q1i.jpeg,YL-05_Q1j.jpg,YL-05_Q1k.jpg,YL-05_Q1l.jpg,YL-05_Q1m.jpeg,YL-05_Q1n.jpg,YL-05_Q1o.jpg,YL-05_Q1p.jpg,YL-05_Q2a.JPG,YL-05_Q2b.jpg,YL-05_Q2c.jpg,YL-05_Q2d.jpg,YL-05_Q2e.png,YL-05_Q2f.png,YL-05_Q2g.png,YL-05_Q2h.png,YL-05_Q2i.jpeg,YL-05_Q2j.jpg,YL-05_Q2k.jpg,YL-05_Q2l.jpg,YL-05_Q2m.jpeg,YL-05_Q2n.jpg,YL-05_Q2o.jpg,YL-05_Q2p.jpg,,,,,,,,,,,,,,,,,,,,,,,,,,,,,,,,,,,,,,,,,,,,,,,,,,,,,,,,,,,,,,,,,,,,,,,,,,,,,,,,,,,,,,,,,,,,,,,,
C-067-13,YL-05,YL-05_Q1a.JPG,YL-05_Q1b.jpg,YL-05_Q1c.jpg,YL-05_Q1d.jpg,YL-05_Q1e.png,YL-05_Q1f.png,YL-05_Q1g.png,YL-05_Q1h.png,YL-05_Q1i.jpeg,YL-05_Q1j.jpg,YL-05_Q1k.jpg,YL-05_Q1l.jpg,YL-05_Q1m.jpeg,YL-05_Q1n.jpg,YL-05_Q1o.jpg,YL-05_Q1p.jpg,YL-05_Q2a.JPG,YL-05_Q2b.jpg,YL-05_Q2c.jpg,YL-05_Q2d.jpg,YL-05_Q2e.png,YL-05_Q2f.png,YL-05_Q2g.png,YL-05_Q2h.png,YL-05_Q2i.jpeg,YL-05_Q2j.jpg,YL-05_Q2k.jpg,YL-05_Q2l.jpg,YL-05_Q2m.jpeg,YL-05_Q2n.jpg,YL-05_Q2o.jpg,YL-05_Q2p.jpg,,,,,,,,,,,,,,,,,,,,,,,,,,,,,,,,,,,,,,,,,,,,,,,,,,,,,,,,,,,,,,,,,,,,,,,,,,,,,,,,,,,,,,,,,,,,,,,,
C-067-14,YL-05,YL-05_Q1a.JPG,YL-05_Q1b.jpg,YL-05_Q1c.jpg,YL-05_Q1d.jpg,YL-05_Q1e.png,YL-05_Q1f.png,YL-05_Q1g.png,YL-05_Q1h.png,YL-05_Q1i.jpeg,YL-05_Q1j.jpg,YL-05_Q1k.jpg,YL-05_Q1l.jpg,YL-05_Q1m.jpeg,YL-05_Q1n.jpg,YL-05_Q1o.jpg,YL-05_Q1p.jpg,YL-05_Q2a.JPG,YL-05_Q2b.jpg,YL-05_Q2c.jpg,YL-05_Q2d.jpg,YL-05_Q2e.png,YL-05_Q2f.png,YL-05_Q2g.png,YL-05_Q2h.png,YL-05_Q2i.jpeg,YL-05_Q2j.jpg,YL-05_Q2k.jpg,YL-05_Q2l.jpg,YL-05_Q2m.jpeg,YL-05_Q2n.jpg,YL-05_Q2o.jpg,YL-05_Q2p.jpg,,,,,,,,,,,,,,,,,,,,,,,,,,,,,,,,,,,,,,,,,,,,,,,,,,,,,,,,,,,,,,,,,,,,,,,,,,,,,,,,,,,,,,,,,,,,,,,,
C-067-15,YL-05,YL-05_Q1a.JPG,YL-05_Q1b.jpg,YL-05_Q1c.jpg,YL-05_Q1d.jpg,YL-05_Q1e.png,YL-05_Q1f.png,YL-05_Q1g.png,YL-05_Q1h.png,YL-05_Q1i.jpeg,YL-05_Q1j.jpg,YL-05_Q1k.jpg,YL-05_Q1l.jpg,YL-05_Q1m.jpeg,YL-05_Q1n.jpg,YL-05_Q1o.jpg,YL-05_Q1p.jpg,YL-05_Q2a.JPG,YL-05_Q2b.jpg,YL-05_Q2c.jpg,YL-05_Q2d.jpg,YL-05_Q2e.png,YL-05_Q2f.png,YL-05_Q2g.png,YL-05_Q2h.png,YL-05_Q2i.jpeg,YL-05_Q2j.jpg,YL-05_Q2k.jpg,YL-05_Q2l.jpg,YL-05_Q2m.jpeg,YL-05_Q2n.jpg,YL-05_Q2o.jpg,YL-05_Q2p.jpg,,,,,,,,,,,,,,,,,,,,,,,,,,,,,,,,,,,,,,,,,,,,,,,,,,,,,,,,,,,,,,,,,,,,,,,,,,,,,,,,,,,,,,,,,,,,,,,,
C-069-06,YL-06,YL-06_Q1a.JPG,YL-06_Q1b.jpg,YL-06_Q1c.jpg,YL-06_Q1d.jpg,YL-06_Q1e.png,YL-06_Q1f.png,YL-06_Q1g.png,YL-06_Q1h.png,YL-06_Q1i.jpeg,YL-06_Q1j.jpg,YL-06_Q1k.jpg,YL-06_Q1l.jpg,YL-06_Q1m.jpeg,YL-06_Q1n.jpg,YL-06_Q1o.jpg,YL-06_Q1p.jpg,YL-06_Q2a.JPG,YL-06_Q2b.jpg,YL-06_Q2c.jpg,YL-06_Q2d.jpg,YL-06_Q2e.png,YL-06_Q2f.png,YL-06_Q2g.png,YL-06_Q2h.png,YL-06_Q2i.jpeg,YL-06_Q2j.jpg,YL-06_Q2k.jpg,YL-06_Q2l.jpg,YL-06_Q2m.jpeg,YL-06_Q2n.jpg,YL-06_Q2o.jpg,YL-06_Q2p.jpg,,,,,,,,,,,,,,,,,,,,,,,,,,,,,,,,,,,,,,,,,,,,,,,,,,,,,,,,,,,,,,,,,,,,,,,,,,,,,,,,,,,,,,,,,,,,,,,,
C-069-07,YL-06,YL-06_Q1a.JPG,YL-06_Q1b.jpg,YL-06_Q1c.jpg,YL-06_Q1d.jpg,YL-06_Q1e.png,YL-06_Q1f.png,YL-06_Q1g.png,YL-06_Q1h.png,YL-06_Q1i.jpeg,YL-06_Q1j.jpg,YL-06_Q1k.jpg,YL-06_Q1l.jpg,YL-06_Q1m.jpeg,YL-06_Q1n.jpg,YL-06_Q1o.jpg,YL-06_Q1p.jpg,YL-06_Q2a.JPG,YL-06_Q2b.jpg,YL-06_Q2c.jpg,YL-06_Q2d.jpg,YL-06_Q2e.png,YL-06_Q2f.png,YL-06_Q2g.png,YL-06_Q2h.png,YL-06_Q2i.jpeg,YL-06_Q2j.jpg,YL-06_Q2k.jpg,YL-06_Q2l.jpg,YL-06_Q2m.jpeg,YL-06_Q2n.jpg,YL-06_Q2o.jpg,YL-06_Q2p.jpg,,,,,,,,,,,,,,,,,,,,,,,,,,,,,,,,,,,,,,,,,,,,,,,,,,,,,,,,,,,,,,,,,,,,,,,,,,,,,,,,,,,,,,,,,,,,,,,,
C-071-03,YL-07,YL-07_Q1a.JPG,YL-07_Q1b.jpg,YL-07_Q1c.jpg,YL-07_Q1d.jpg,YL-07_Q1e.png,YL-07_Q1f.png,YL-07_Q1g.png,YL-07_Q1h.png,YL-07_Q1i.jpeg,YL-07_Q1j.jpg,YL-07_Q1k.jpg,YL-07_Q1l.jpg,YL-07_Q1m.jpeg,YL-07_Q1n.jpg,YL-07_Q1o.jpg,YL-07_Q1p.jpg,YL-07_Q2a.JPG,YL-07_Q2b.jpg,YL-07_Q2c.jpg,YL-07_Q2d.jpg,YL-07_Q2e.png,YL-07_Q2f.png,YL-07_Q2g.png,YL-07_Q2h.png,YL-07_Q2i.jpeg,YL-07_Q2j.jpg,YL-07_Q2k.jpg,YL-07_Q2l.jpg,YL-07_Q2m.jpeg,YL-07_Q2n.jpg,YL-07_Q2o.jpg,YL-07_Q2p.jpg,,,,,,,,,,,,,,,,,,,,,,,,,,,,,,,,,,,,,,,,,,,,,,,,,,,,,,,,,,,,,,,,,,,,,,,,,,,,,,,,,,,,,,,,,,,,,,,,
C-072-03,YL-08,YL-08_Q1a.JPG,YL-08_Q1b.jpg,YL-08_Q1c.jpg,YL-08_Q1d.jpg,YL-08_Q1e.png,YL-08_Q1f.png,YL-08_Q1g.png,YL-08_Q1h.png,YL-08_Q1i.jpeg,YL-08_Q1j.jpg,YL-08_Q1k.jpg,YL-08_Q1l.jpg,YL-08_Q1m.jpeg,YL-08_Q1n.jpg,YL-08_Q1o.jpg,YL-08_Q1p.jpg,YL-08_Q2a.JPG,YL-08_Q2b.jpg,YL-08_Q2c.jpg,YL-08_Q2d.jpg,YL-08_Q2e.png,YL-08_Q2f.png,YL-08_Q2g.png,YL-08_Q2h.png,YL-08_Q2i.jpeg,YL-08_Q2j.jpg,YL-08_Q2k.jpg,YL-08_Q2l.jpg,YL-08_Q2m.jpeg,YL-08_Q2n.jpg,YL-08_Q2o.jpg,YL-08_Q2p.jpg,,,,,,,,,,,,,,,,,,,,,,,,,,,,,,,,,,,,,,,,,,,,,,,,,,,,,,,,,,,,,,,,,,,,,,,,,,,,,,,,,,,,,,,,,,,,,,,,
C-074-03,YL-09,YL-09_Q1a.JPG,YL-09_Q1b.jpg,YL-09_Q1c.jpg,YL-09_Q1d.jpg,YL-09_Q1e.png,YL-09_Q1f.png,YL-09_Q1g.png,YL-09_Q1h.png,YL-09_Q1i.jpeg,YL-09_Q1j.jpg,YL-09_Q1k.jpg,YL-09_Q1l.jpg,YL-09_Q1m.jpeg,YL-09_Q1n.jpg,YL-09_Q1o.jpg,YL-09_Q1p.jpg,YL-09_Q2a.JPG,YL-09_Q2b.jpg,YL-09_Q2c.jpg,YL-09_Q2d.jpg,YL-09_Q2e.png,YL-09_Q2f.png,YL-09_Q2g.png,YL-09_Q2h.png,YL-09_Q2i.jpeg,YL-09_Q2j.jpg,YL-09_Q2k.jpg,YL-09_Q2l.jpg,YL-09_Q2m.jpeg,YL-09_Q2n.jpg,YL-09_Q2o.jpg,YL-09_Q2p.jpg,,,,,,,,,,,,,,,,,,,,,,,,,,,,,,,,,,,,,,,,,,,,,,,,,,,,,,,,,,,,,,,,,,,,,,,,,,,,,,,,,,,,,,,,,,,,,,,,
C-075-03,YL-10,YL-10_Q1a.JPG,YL-10_Q1b.jpg,YL-10_Q1c.jpg,YL-10_Q1d.jpg,YL-10_Q1e.png,YL-10_Q1f.png,YL-10_Q1g.png,YL-10_Q1h.png,YL-10_Q1i.jpeg,YL-10_Q1j.jpg,YL-10_Q1k.jpg,YL-10_Q1l.jpg,YL-10_Q1m.jpeg,YL-10_Q1n.jpg,YL-10_Q1o.jpg,YL-10_Q1p.jpg,YL-10_Q2a.JPG,YL-10_Q2b.jpg,YL-10_Q2c.jpg,YL-10_Q2d.jpg,YL-10_Q2e.png,YL-10_Q2f.png,YL-10_Q2g.png,YL-10_Q2h.png,YL-10_Q2i.jpeg,YL-10_Q2j.jpg,YL-10_Q2k.jpg,YL-10_Q2l.jpg,YL-10_Q2m.jpeg,YL-10_Q2n.jpg,YL-10_Q2o.jpg,YL-10_Q2p.jpg,,,,,,,,,,,,,,,,,,,,,,,,,,,,,,,,,,,,,,,,,,,,,,,,,,,,,,,,,,,,,,,,,,,,,,,,,,,,,,,,,,,,,,,,,,,,,,,,
C-076-03,YL-11,YL-11_Q1a.JPG,YL-11_Q1b.jpg,YL-11_Q1c.jpg,YL-11_Q1d.jpg,YL-11_Q1e.png,YL-11_Q1f.png,YL-11_Q1g.png,YL-11_Q1h.png,YL-11_Q1i.jpeg,YL-11_Q1j.jpg,YL-11_Q1k.jpg,YL-11_Q1l.jpg,YL-11_Q1m.jpeg,YL-11_Q1n.jpg,YL-11_Q1o.jpg,YL-11_Q1p.jpg,YL-11_Q2a.JPG,YL-11_Q2b.jpg,YL-11_Q2c.jpg,YL-11_Q2d.jpg,YL-11_Q2e.png,YL-11_Q2f.png,YL-11_Q2g.png,YL-11_Q2h.png,YL-11_Q2i.jpeg,YL-11_Q2j.jpg,YL-11_Q2k.jpg,YL-11_Q2l.jpg,YL-11_Q2m.jpeg,YL-11_Q2n.jpg,YL-11_Q2o.jpg,YL-11_Q2p.jpg,,,,,,,,,,,,,,,,,,,,,,,,,,,,,,,,,,,,,,,,,,,,,,,,,,,,,,,,,,,,,,,,,,,,,,,,,,,,,,,,,,,,,,,,,,,,,,,,
C-081-07,YL-12,YL-12_Q1a.JPG,YL-12_Q1b.jpg,YL-12_Q1c.jpg,YL-12_Q1d.jpg,YL-12_Q1e.png,YL-12_Q1f.png,YL-12_Q1g.png,YL-12_Q1h.png,YL-12_Q1i.jpeg,YL-12_Q1j.jpg,YL-12_Q1k.jpg,YL-12_Q1l.jpg,YL-12_Q1m.jpeg,YL-12_Q1n.jpg,YL-12_Q1o.jpg,YL-12_Q1p.jpg,YL-12_Q2a.JPG,YL-12_Q2b.jpg,YL-12_Q2c.jpg,YL-12_Q2d.jpg,YL-12_Q2e.png,YL-12_Q2f.png,YL-12_Q2g.png,YL-12_Q2h.png,YL-12_Q2i.jpeg,YL-12_Q2j.jpg,YL-12_Q2k.jpg,YL-12_Q2l.jpg,YL-12_Q2m.jpeg,YL-12_Q2n.jpg,YL-12_Q2o.jpg,YL-12_Q2p.jpg,,,,,,,,,,,,,,,,,,,,,,,,,,,,,,,,,,,,,,,,,,,,,,,,,,,,,,,,,,,,,,,,,,,,,,,,,,,,,,,,,,,,,,,,,,,,,,,,
C-081-08,YL-12,YL-12_Q1a.JPG,YL-12_Q1b.jpg,YL-12_Q1c.jpg,YL-12_Q1d.jpg,YL-12_Q1e.png,YL-12_Q1f.png,YL-12_Q1g.png,YL-12_Q1h.png,YL-12_Q1i.jpeg,YL-12_Q1j.jpg,YL-12_Q1k.jpg,YL-12_Q1l.jpg,YL-12_Q1m.jpeg,YL-12_Q1n.jpg,YL-12_Q1o.jpg,YL-12_Q1p.jpg,YL-12_Q2a.JPG,YL-12_Q2b.jpg,YL-12_Q2c.jpg,YL-12_Q2d.jpg,YL-12_Q2e.png,YL-12_Q2f.png,YL-12_Q2g.png,YL-12_Q2h.png,YL-12_Q2i.jpeg,YL-12_Q2j.jpg,YL-12_Q2k.jpg,YL-12_Q2l.jpg,YL-12_Q2m.jpeg,YL-12_Q2n.jpg,YL-12_Q2o.jpg,YL-12_Q2p.jpg,,,,,,,,,,,,,,,,,,,,,,,,,,,,,,,,,,,,,,,,,,,,,,,,,,,,,,,,,,,,,,,,,,,,,,,,,,,,,,,,,,,,,,,,,,,,,,,,
C-081-09,YL-12,YL-12_Q1a.JPG,YL-12_Q1b.jpg,YL-12_Q1c.jpg,YL-12_Q1d.jpg,YL-12_Q1e.png,YL-12_Q1f.png,YL-12_Q1g.png,YL-12_Q1h.png,YL-12_Q1i.jpeg,YL-12_Q1j.jpg,YL-12_Q1k.jpg,YL-12_Q1l.jpg,YL-12_Q1m.jpeg,YL-12_Q1n.jpg,YL-12_Q1o.jpg,YL-12_Q1p.jpg,YL-12_Q2a.JPG,YL-12_Q2b.jpg,YL-12_Q2c.jpg,YL-12_Q2d.jpg,YL-12_Q2e.png,YL-12_Q2f.png,YL-12_Q2g.png,YL-12_Q2h.png,YL-12_Q2i.jpeg,YL-12_Q2j.jpg,YL-12_Q2k.jpg,YL-12_Q2l.jpg,YL-12_Q2m.jpeg,YL-12_Q2n.jpg,YL-12_Q2o.jpg,YL-12_Q2p.jpg,,,,,,,,,,,,,,,,,,,,,,,,,,,,,,,,,,,,,,,,,,,,,,,,,,,,,,,,,,,,,,,,,,,,,,,,,,,,,,,,,,,,,,,,,,,,,,,,
C-081-10,YL-12,YL-12_Q1a.JPG,YL-12_Q1b.jpg,YL-12_Q1c.jpg,YL-12_Q1d.jpg,YL-12_Q1e.png,YL-12_Q1f.png,YL-12_Q1g.png,YL-12_Q1h.png,YL-12_Q1i.jpeg,YL-12_Q1j.jpg,YL-12_Q1k.jpg,YL-12_Q1l.jpg,YL-12_Q1m.jpeg,YL-12_Q1n.jpg,YL-12_Q1o.jpg,YL-12_Q1p.jpg,YL-12_Q2a.JPG,YL-12_Q2b.jpg,YL-12_Q2c.jpg,YL-12_Q2d.jpg,YL-12_Q2e.png,YL-12_Q2f.png,YL-12_Q2g.png,YL-12_Q2h.png,YL-12_Q2i.jpeg,YL-12_Q2j.jpg,YL-12_Q2k.jpg,YL-12_Q2l.jpg,YL-12_Q2m.jpeg,YL-12_Q2n.jpg,YL-12_Q2o.jpg,YL-12_Q2p.jpg,,,,,,,,,,,,,,,,,,,,,,,,,,,,,,,,,,,,,,,,,,,,,,,,,,,,,,,,,,,,,,,,,,,,,,,,,,,,,,,,,,,,,,,,,,,,,,,,
C-082-19,ST-01,ST-01_Q1a.JPG,ST-01_Q1b.jpg,ST-01_Q1c.jpg,ST-01_Q1d.jpg,ST-01_Q1e.png,ST-01_Q1f.png,ST-01_Q1g.png,ST-01_Q1h.png,ST-01_Q1i.jpeg,ST-01_Q1j.jpg,ST-01_Q1k.jpg,ST-01_Q1l.jpg,ST-01_Q1m.jpeg,ST-01_Q1n.jpg,ST-01_Q1o.jpg,ST-01_Q1p.jpg,ST-01_Q2a.JPG,ST-01_Q2b.jpg,ST-01_Q2c.jpg,ST-01_Q2d.jpg,ST-01_Q2e.png,ST-01_Q2f.png,ST-01_Q2g.png,ST-01_Q2h.png,ST-01_Q2i.jpeg,ST-01_Q2j.jpg,ST-01_Q2k.jpg,ST-01_Q2l.jpg,ST-01_Q2m.jpeg,ST-01_Q2n.jpg,ST-01_Q2o.jpg,ST-01_Q2p.jpg,,,,,,,,,,,,,,,,,,,,,,,,,,,,,,,,,,,,,,,,,,,,,,,,,,,,,,,,,,,,,,,,,,,,,,,,,,,,,,,,,,,,,,,,,,,,,,,,
C-082-21,ST-02,ST-02_Q1a.JPG,ST-02_Q1b.jpg,ST-02_Q1c.jpg,ST-02_Q1d.jpg,ST-02_Q1e.png,ST-02_Q1f.png,ST-02_Q1g.png,ST-02_Q1h.png,ST-02_Q1i.jpeg,ST-02_Q1j.jpg,ST-02_Q1k.jpg,ST-02_Q1l.jpg,ST-02_Q1m.jpeg,ST-02_Q1n.jpg,ST-02_Q1o.jpg,ST-02_Q1p.jpg,ST-02_Q2a.JPG,ST-02_Q2b.jpg,ST-02_Q2c.jpg,ST-02_Q2d.jpg,ST-02_Q2e.png,ST-02_Q2f.png,ST-02_Q2g.png,ST-02_Q2h.png,ST-02_Q2i.jpeg,ST-02_Q2j.jpg,ST-02_Q2k.jpg,ST-02_Q2l.jpg,ST-02_Q2m.jpeg,ST-02_Q2n.jpg,ST-02_Q2o.jpg,ST-02_Q2p.jpg,,,,,,,,,,,,,,,,,,,,,,,,,,,,,,,,,,,,,,,,,,,,,,,,,,,,,,,,,,,,,,,,,,,,,,,,,,,,,,,,,,,,,,,,,,,,,,,,
C-082-23,ST-03,ST-03_Q1a.JPG,ST-03_Q1b.jpg,ST-03_Q1c.jpg,ST-03_Q1d.jpg,ST-03_Q1e.png,ST-03_Q1f.png,ST-03_Q1g.png,ST-03_Q1h.png,ST-03_Q1i.jpeg,ST-03_Q1j.jpg,ST-03_Q1k.jpg,ST-03_Q1l.jpg,ST-03_Q1m.jpeg,ST-03_Q1n.jpg,ST-03_Q1o.jpg,ST-03_Q1p.jpg,ST-03_Q2a.JPG,ST-03_Q2b.jpg,ST-03_Q2c.jpg,ST-03_Q2d.jpg,ST-03_Q2e.png,ST-03_Q2f.png,ST-03_Q2g.png,ST-03_Q2h.png,ST-03_Q2i.jpeg,ST-03_Q2j.jpg,ST-03_Q2k.jpg,ST-03_Q2l.jpg,ST-03_Q2m.jpeg,ST-03_Q2n.jpg,ST-03_Q2o.jpg,ST-03_Q2p.jpg,,,,,,,,,,,,,,,,,,,,,,,,,,,,,,,,,,,,,,,,,,,,,,,,,,,,,,,,,,,,,,,,,,,,,,,,,,,,,,,,,,,,,,,,,,,,,,,,
C-082-24,ST-04,ST-04_Q1a.JPG,ST-04_Q1b.jpg,ST-04_Q1c.jpg,ST-04_Q1d.jpg,ST-04_Q1e.png,ST-04_Q1f.png,ST-04_Q1g.png,ST-04_Q1h.png,ST-04_Q1i.jpeg,ST-04_Q1j.jpg,ST-04_Q1k.jpg,ST-04_Q1l.jpg,ST-04_Q1m.jpeg,ST-04_Q1n.jpg,ST-04_Q1o.jpg,ST-04_Q1p.jpg,ST-04_Q2a.JPG,ST-04_Q2b.jpg,ST-04_Q2c.jpg,ST-04_Q2d.jpg,ST-04_Q2e.png,ST-04_Q2f.png,ST-04_Q2g.png,ST-04_Q2h.png,ST-04_Q2i.jpeg,ST-04_Q2j.jpg,ST-04_Q2k.jpg,ST-04_Q2l.jpg,ST-04_Q2m.jpeg,ST-04_Q2n.jpg,ST-04_Q2o.jpg,ST-04_Q2p.jpg,,,,,,,,,,,,,,,,,,,,,,,,,,,,,,,,,,,,,,,,,,,,,,,,,,,,,,,,,,,,,,,,,,,,,,,,,,,,,,,,,,,,,,,,,,,,,,,,
C-082-25,ST-05,ST-05_Q1a.JPG,ST-05_Q1b.jpg,ST-05_Q1c.jpg,ST-05_Q1d.jpg,ST-05_Q1e.png,ST-05_Q1f.png,ST-05_Q1g.png,ST-05_Q1h.png,ST-05_Q1i.jpeg,ST-05_Q1j.jpg,ST-05_Q1k.jpg,ST-05_Q1l.jpg,ST-05_Q1m.jpeg,ST-05_Q1n.jpg,ST-05_Q1o.jpg,ST-05_Q1p.jpg,ST-05_Q2a.JPG,ST-05_Q2b.jpg,ST-05_Q2c.jpg,ST-05_Q2d.jpg,ST-05_Q2e.png,ST-05_Q2f.png,ST-05_Q2g.png,ST-05_Q2h.png,ST-05_Q2i.jpeg,ST-05_Q2j.jpg,ST-05_Q2k.jpg,ST-05_Q2l.jpg,ST-05_Q2m.jpeg,ST-05_Q2n.jpg,ST-05_Q2o.jpg,ST-05_Q2p.jpg,,,,,,,,,,,,,,,,,,,,,,,,,,,,,,,,,,,,,,,,,,,,,,,,,,,,,,,,,,,,,,,,,,,,,,,,,,,,,,,,,,,,,,,,,,,,,,,,
C-082-26,ST-06,ST-06_Q1a.JPG,ST-06_Q1b.jpg,ST-06_Q1c.jpg,ST-06_Q1d.jpg,ST-06_Q1e.png,ST-06_Q1f.png,ST-06_Q1g.png,ST-06_Q1h.png,ST-06_Q1i.jpeg,ST-06_Q1j.jpg,ST-06_Q1k.jpg,ST-06_Q1l.jpg,ST-06_Q1m.jpeg,ST-06_Q1n.jpg,ST-06_Q1o.jpg,ST-06_Q1p.jpg,ST-06_Q2a.JPG,ST-06_Q2b.jpg,ST-06_Q2c.jpg,ST-06_Q2d.jpg,ST-06_Q2e.png,ST-06_Q2f.png,ST-06_Q2g.png,ST-06_Q2h.png,ST-06_Q2i.jpeg,ST-06_Q2j.jpg,ST-06_Q2k.jpg,ST-06_Q2l.jpg,ST-06_Q2m.jpeg,ST-06_Q2n.jpg,ST-06_Q2o.jpg,ST-06_Q2p.jpg,,,,,,,,,,,,,,,,,,,,,,,,,,,,,,,,,,,,,,,,,,,,,,,,,,,,,,,,,,,,,,,,,,,,,,,,,,,,,,,,,,,,,,,,,,,,,,,,
C-082-27,ST-07,ST-07_Q1a.JPG,ST-07_Q1b.jpg,ST-07_Q1c.jpg,ST-07_Q1d.jpg,ST-07_Q1e.png,ST-07_Q1f.png,ST-07_Q1g.png,ST-07_Q1h.png,ST-07_Q1i.jpeg,ST-07_Q1j.jpg,ST-07_Q1k.jpg,ST-07_Q1l.jpg,ST-07_Q1m.jpeg,ST-07_Q1n.jpg,ST-07_Q1o.jpg,ST-07_Q1p.jpg,ST-07_Q2a.JPG,ST-07_Q2b.jpg,ST-07_Q2c.jpg,ST-07_Q2d.jpg,ST-07_Q2e.png,ST-07_Q2f.png,ST-07_Q2g.png,ST-07_Q2h.png,ST-07_Q2i.jpeg,ST-07_Q2j.jpg,ST-07_Q2k.jpg,ST-07_Q2l.jpg,ST-07_Q2m.jpeg,ST-07_Q2n.jpg,ST-07_Q2o.jpg,ST-07_Q2p.jpg,,,,,,,,,,,,,,,,,,,,,,,,,,,,,,,,,,,,,,,,,,,,,,,,,,,,,,,,,,,,,,,,,,,,,,,,,,,,,,,,,,,,,,,,,,,,,,,,
C-082-28,ST-08,ST-08_Q1a.JPG,ST-08_Q1b.jpg,ST-08_Q1c.jpg,ST-08_Q1d.jpg,ST-08_Q1e.png,ST-08_Q1f.png,ST-08_Q1g.png,ST-08_Q1h.png,ST-08_Q1i.jpeg,ST-08_Q1j.jpg,ST-08_Q1k.jpg,ST-08_Q1l.jpg,ST-08_Q1m.jpeg,ST-08_Q1n.jpg,ST-08_Q1o.jpg,ST-08_Q1p.jpg,ST-08_Q2a.JPG,ST-08_Q2b.jpg,ST-08_Q2c.jpg,ST-08_Q2d.jpg,ST-08_Q2e.png,ST-08_Q2f.png,ST-08_Q2g.png,ST-08_Q2h.png,ST-08_Q2i.jpeg,ST-08_Q2j.jpg,ST-08_Q2k.jpg,ST-08_Q2l.jpg,ST-08_Q2m.jpeg,ST-08_Q2n.jpg,ST-08_Q2o.jpg,ST-08_Q2p.jpg,,,,,,,,,,,,,,,,,,,,,,,,,,,,,,,,,,,,,,,,,,,,,,,,,,,,,,,,,,,,,,,,,,,,,,,,,,,,,,,,,,,,,,,,,,,,,,,,
C-082-29,ST-09,ST-09_Q1a.JPG,ST-09_Q1b.jpg,ST-09_Q1c.jpg,ST-09_Q1d.jpg,ST-09_Q1e.png,ST-09_Q1f.png,ST-09_Q1g.png,ST-09_Q1h.png,ST-09_Q1i.jpeg,ST-09_Q1j.jpg,ST-09_Q1k.jpg,ST-09_Q1l.jpg,ST-09_Q1m.jpeg,ST-09_Q1n.jpg,ST-09_Q1o.jpg,ST-09_Q1p.jpg,ST-09_Q2a.JPG,ST-09_Q2b.jpg,ST-09_Q2c.jpg,ST-09_Q2d.jpg,ST-09_Q2e.png,ST-09_Q2f.png,ST-09_Q2g.png,ST-09_Q2h.png,ST-09_Q2i.jpeg,ST-09_Q2j.jpg,ST-09_Q2k.jpg,ST-09_Q2l.jpg,ST-09_Q2m.jpeg,ST-09_Q2n.jpg,ST-09_Q2o.jpg,ST-09_Q2p.jpg,,,,,,,,,,,,,,,,,,,,,,,,,,,,,,,,,,,,,,,,,,,,,,,,,,,,,,,,,,,,,,,,,,,,,,,,,,,,,,,,,,,,,,,,,,,,,,,,
C-085-04,ST-10,ST-10_Q1a.JPG,ST-10_Q1b.jpg,ST-10_Q1c.jpg,ST-10_Q1d.jpg,ST-10_Q1e.png,ST-10_Q1f.png,ST-10_Q1g.png,ST-10_Q1h.png,ST-10_Q1i.jpeg,ST-10_Q1j.jpg,ST-10_Q1k.jpg,ST-10_Q1l.jpg,ST-10_Q1m.jpeg,ST-10_Q1n.jpg,ST-10_Q1o.jpg,ST-10_Q1p.jpg,ST-10_Q2a.JPG,ST-10_Q2b.jpg,ST-10_Q2c.jpg,ST-10_Q2d.jpg,ST-10_Q2e.png,ST-10_Q2f.png,ST-10_Q2g.png,ST-10_Q2h.png,ST-10_Q2i.jpeg,ST-10_Q2j.jpg,ST-10_Q2k.jpg,ST-10_Q2l.jpg,ST-10_Q2m.jpeg,ST-10_Q2n.jpg,ST-10_Q2o.jpg,ST-10_Q2p.jpg,,,,,,,,,,,,,,,,,,,,,,,,,,,,,,,,,,,,,,,,,,,,,,,,,,,,,,,,,,,,,,,,,,,,,,,,,,,,,,,,,,,,,,,,,,,,,,,,
C-085-05,ST-10,ST-10_Q1a.JPG,ST-10_Q1b.jpg,ST-10_Q1c.jpg,ST-10_Q1d.jpg,ST-10_Q1e.png,ST-10_Q1f.png,ST-10_Q1g.png,ST-10_Q1h.png,ST-10_Q1i.jpeg,ST-10_Q1j.jpg,ST-10_Q1k.jpg,ST-10_Q1l.jpg,ST-10_Q1m.jpeg,ST-10_Q1n.jpg,ST-10_Q1o.jpg,ST-10_Q1p.jpg,ST-10_Q2a.JPG,ST-10_Q2b.jpg,ST-10_Q2c.jpg,ST-10_Q2d.jpg,ST-10_Q2e.png,ST-10_Q2f.png,ST-10_Q2g.png,ST-10_Q2h.png,ST-10_Q2i.jpeg,ST-10_Q2j.jpg,ST-10_Q2k.jpg,ST-10_Q2l.jpg,ST-10_Q2m.jpeg,ST-10_Q2n.jpg,ST-10_Q2o.jpg,ST-10_Q2p.jpg,,,,,,,,,,,,,,,,,,,,,,,,,,,,,,,,,,,,,,,,,,,,,,,,,,,,,,,,,,,,,,,,,,,,,,,,,,,,,,,,,,,,,,,,,,,,,,,,
C-087-06,ST-11,ST-11_Q1a.JPG,ST-11_Q1b.jpg,ST-11_Q1c.jpg,ST-11_Q1d.jpg,ST-11_Q1e.png,ST-11_Q1f.png,ST-11_Q1g.png,ST-11_Q1h.png,ST-11_Q1i.jpeg,ST-11_Q1j.jpg,ST-11_Q1k.jpg,ST-11_Q1l.jpg,ST-11_Q1m.jpeg,ST-11_Q1n.jpg,ST-11_Q1o.jpg,ST-11_Q1p.jpg,ST-11_Q2a.JPG,ST-11_Q2b.jpg,ST-11_Q2c.jpg,ST-11_Q2d.jpg,ST-11_Q2e.png,ST-11_Q2f.png,ST-11_Q2g.png,ST-11_Q2h.png,ST-11_Q2i.jpeg,ST-11_Q2j.jpg,ST-11_Q2k.jpg,ST-11_Q2l.jpg,ST-11_Q2m.jpeg,ST-11_Q2n.jpg,ST-11_Q2o.jpg,ST-11_Q2p.jpg,,,,,,,,,,,,,,,,,,,,,,,,,,,,,,,,,,,,,,,,,,,,,,,,,,,,,,,,,,,,,,,,,,,,,,,,,,,,,,,,,,,,,,,,,,,,,,,,
C-087-07,ST-11,ST-11_Q1a.JPG,ST-11_Q1b.jpg,ST-11_Q1c.jpg,ST-11_Q1d.jpg,ST-11_Q1e.png,ST-11_Q1f.png,ST-11_Q1g.png,ST-11_Q1h.png,ST-11_Q1i.jpeg,ST-11_Q1j.jpg,ST-11_Q1k.jpg,ST-11_Q1l.jpg,ST-11_Q1m.jpeg,ST-11_Q1n.jpg,ST-11_Q1o.jpg,ST-11_Q1p.jpg,ST-11_Q2a.JPG,ST-11_Q2b.jpg,ST-11_Q2c.jpg,ST-11_Q2d.jpg,ST-11_Q2e.png,ST-11_Q2f.png,ST-11_Q2g.png,ST-11_Q2h.png,ST-11_Q2i.jpeg,ST-11_Q2j.jpg,ST-11_Q2k.jpg,ST-11_Q2l.jpg,ST-11_Q2m.jpeg,ST-11_Q2n.jpg,ST-11_Q2o.jpg,ST-11_Q2p.jpg,,,,,,,,,,,,,,,,,,,,,,,,,,,,,,,,,,,,,,,,,,,,,,,,,,,,,,,,,,,,,,,,,,,,,,,,,,,,,,,,,,,,,,,,,,,,,,,,
C-087-08,ST-11,ST-11_Q1a.JPG,ST-11_Q1b.jpg,ST-11_Q1c.jpg,ST-11_Q1d.jpg,ST-11_Q1e.png,ST-11_Q1f.png,ST-11_Q1g.png,ST-11_Q1h.png,ST-11_Q1i.jpeg,ST-11_Q1j.jpg,ST-11_Q1k.jpg,ST-11_Q1l.jpg,ST-11_Q1m.jpeg,ST-11_Q1n.jpg,ST-11_Q1o.jpg,ST-11_Q1p.jpg,ST-11_Q2a.JPG,ST-11_Q2b.jpg,ST-11_Q2c.jpg,ST-11_Q2d.jpg,ST-11_Q2e.png,ST-11_Q2f.png,ST-11_Q2g.png,ST-11_Q2h.png,ST-11_Q2i.jpeg,ST-11_Q2j.jpg,ST-11_Q2k.jpg,ST-11_Q2l.jpg,ST-11_Q2m.jpeg,ST-11_Q2n.jpg,ST-11_Q2o.jpg,ST-11_Q2p.jpg,,,,,,,,,,,,,,,,,,,,,,,,,,,,,,,,,,,,,,,,,,,,,,,,,,,,,,,,,,,,,,,,,,,,,,,,,,,,,,,,,,,,,,,,,,,,,,,,
C-088-19,ST-12,ST-12_Q1a.JPG,ST-12_Q1b.jpg,ST-12_Q1c.jpg,ST-12_Q1d.jpg,ST-12_Q1e.png,ST-12_Q1f.png,ST-12_Q1g.png,ST-12_Q1h.png,ST-12_Q1i.jpeg,ST-12_Q1j.jpg,ST-12_Q1k.jpg,ST-12_Q1l.jpg,ST-12_Q1m.jpeg,ST-12_Q1n.jpg,ST-12_Q1o.jpg,ST-12_Q1p.jpg,ST-12_Q2a.JPG,ST-12_Q2b.jpg,ST-12_Q2c.jpg,ST-12_Q2d.jpg,ST-12_Q2e.png,ST-12_Q2f.png,ST-12_Q2g.png,ST-12_Q2h.png,ST-12_Q2i.jpeg,ST-12_Q2j.jpg,ST-12_Q2k.jpg,ST-12_Q2l.jpg,ST-12_Q2m.jpeg,ST-12_Q2n.jpg,ST-12_Q2o.jpg,ST-12_Q2p.jpg,,,,,,,,,,,,,,,,,,,,,,,,,,,,,,,,,,,,,,,,,,,,,,,,,,,,,,,,,,,,,,,,,,,,,,,,,,,,,,,,,,,,,,,,,,,,,,,,
C-088-20,ST-13,ST-13_Q1a.JPG,ST-13_Q1b.jpg,ST-13_Q1c.jpg,ST-13_Q1d.jpg,ST-13_Q1e.png,ST-13_Q1f.png,ST-13_Q1g.png,ST-13_Q1h.png,ST-13_Q1i.jpeg,ST-13_Q1j.jpg,ST-13_Q1k.jpg,ST-13_Q1l.jpg,ST-13_Q1m.jpeg,ST-13_Q1n.jpg,ST-13_Q1o.jpg,ST-13_Q1p.jpg,ST-13_Q2a.JPG,ST-13_Q2b.jpg,ST-13_Q2c.jpg,ST-13_Q2d.jpg,ST-13_Q2e.png,ST-13_Q2f.png,ST-13_Q2g.png,ST-13_Q2h.png,ST-13_Q2i.jpeg,ST-13_Q2j.jpg,ST-13_Q2k.jpg,ST-13_Q2l.jpg,ST-13_Q2m.jpeg,ST-13_Q2n.jpg,ST-13_Q2o.jpg,ST-13_Q2p.jpg,,,,,,,,,,,,,,,,,,,,,,,,,,,,,,,,,,,,,,,,,,,,,,,,,,,,,,,,,,,,,,,,,,,,,,,,,,,,,,,,,,,,,,,,,,,,,,,,
C-088-21,ST-14,ST-14_Q1a.JPG,ST-14_Q1b.jpg,ST-14_Q1c.jpg,ST-14_Q1d.jpg,ST-14_Q1e.png,ST-14_Q1f.png,ST-14_Q1g.png,ST-14_Q1h.png,ST-14_Q1i.jpeg,ST-14_Q1j.jpg,ST-14_Q1k.jpg,ST-14_Q1l.jpg,ST-14_Q1m.jpeg,ST-14_Q1n.jpg,ST-14_Q1o.jpg,ST-14_Q1p.jpg,ST-14_Q2a.JPG,ST-14_Q2b.jpg,ST-14_Q2c.jpg,ST-14_Q2d.jpg,ST-14_Q2e.png,ST-14_Q2f.png,ST-14_Q2g.png,ST-14_Q2h.png,ST-14_Q2i.jpeg,ST-14_Q2j.jpg,ST-14_Q2k.jpg,ST-14_Q2l.jpg,ST-14_Q2m.jpeg,ST-14_Q2n.jpg,ST-14_Q2o.jpg,ST-14_Q2p.jpg,,,,,,,,,,,,,,,,,,,,,,,,,,,,,,,,,,,,,,,,,,,,,,,,,,,,,,,,,,,,,,,,,,,,,,,,,,,,,,,,,,,,,,,,,,,,,,,,
C-088-22,ST-14,ST-14_Q1a.JPG,ST-14_Q1b.jpg,ST-14_Q1c.jpg,ST-14_Q1d.jpg,ST-14_Q1e.png,ST-14_Q1f.png,ST-14_Q1g.png,ST-14_Q1h.png,ST-14_Q1i.jpeg,ST-14_Q1j.jpg,ST-14_Q1k.jpg,ST-14_Q1l.jpg,ST-14_Q1m.jpeg,ST-14_Q1n.jpg,ST-14_Q1o.jpg,ST-14_Q1p.jpg,ST-14_Q2a.JPG,ST-14_Q2b.jpg,ST-14_Q2c.jpg,ST-14_Q2d.jpg,ST-14_Q2e.png,ST-14_Q2f.png,ST-14_Q2g.png,ST-14_Q2h.png,ST-14_Q2i.jpeg,ST-14_Q2j.jpg,ST-14_Q2k.jpg,ST-14_Q2l.jpg,ST-14_Q2m.jpeg,ST-14_Q2n.jpg,ST-14_Q2o.jpg,ST-14_Q2p.jpg,,,,,,,,,,,,,,,,,,,,,,,,,,,,,,,,,,,,,,,,,,,,,,,,,,,,,,,,,,,,,,,,,,,,,,,,,,,,,,,,,,,,,,,,,,,,,,,,
C-088-23,ST-15,ST-15_Q1a.JPG,ST-15_Q1b.jpg,ST-15_Q1c.jpg,ST-15_Q1d.jpg,ST-15_Q1e.png,ST-15_Q1f.png,ST-15_Q1g.png,ST-15_Q1h.png,ST-15_Q1i.jpeg,ST-15_Q1j.jpg,ST-15_Q1k.jpg,ST-15_Q1l.jpg,ST-15_Q1m.jpeg,ST-15_Q1n.jpg,ST-15_Q1o.jpg,ST-15_Q1p.jpg,ST-15_Q2a.JPG,ST-15_Q2b.jpg,ST-15_Q2c.jpg,ST-15_Q2d.jpg,ST-15_Q2e.png,ST-15_Q2f.png,ST-15_Q2g.png,ST-15_Q2h.png,ST-15_Q2i.jpeg,ST-15_Q2j.jpg,ST-15_Q2k.jpg,ST-15_Q2l.jpg,ST-15_Q2m.jpeg,ST-15_Q2n.jpg,ST-15_Q2o.jpg,ST-15_Q2p.jpg,,,,,,,,,,,,,,,,,,,,,,,,,,,,,,,,,,,,,,,,,,,,,,,,,,,,,,,,,,,,,,,,,,,,,,,,,,,,,,,,,,,,,,,,,,,,,,,,
C-088-25,ST-16,ST-16_Q1a.JPG,ST-16_Q1b.jpg,ST-16_Q1c.jpg,ST-16_Q1d.jpg,ST-16_Q1e.png,ST-16_Q1f.png,ST-16_Q1g.png,ST-16_Q1h.png,ST-16_Q1i.jpeg,ST-16_Q1j.jpg,ST-16_Q1k.jpg,ST-16_Q1l.jpg,ST-16_Q1m.jpeg,ST-16_Q1n.jpg,ST-16_Q1o.jpg,ST-16_Q1p.jpg,ST-16_Q2a.JPG,ST-16_Q2b.jpg,ST-16_Q2c.jpg,ST-16_Q2d.jpg,ST-16_Q2e.png,ST-16_Q2f.png,ST-16_Q2g.png,ST-16_Q2h.png,ST-16_Q2i.jpeg,ST-16_Q2j.jpg,ST-16_Q2k.jpg,ST-16_Q2l.jpg,ST-16_Q2m.jpeg,ST-16_Q2n.jpg,ST-16_Q2o.jpg,ST-16_Q2p.jpg,,,,,,,,,,,,,,,,,,,,,,,,,,,,,,,,,,,,,,,,,,,,,,,,,,,,,,,,,,,,,,,,,,,,,,,,,,,,,,,,,,,,,,,,,,,,,,,,
C-088-26,ST-16,ST-16_Q1a.JPG,ST-16_Q1b.jpg,ST-16_Q1c.jpg,ST-16_Q1d.jpg,ST-16_Q1e.png,ST-16_Q1f.png,ST-16_Q1g.png,ST-16_Q1h.png,ST-16_Q1i.jpeg,ST-16_Q1j.jpg,ST-16_Q1k.jpg,ST-16_Q1l.jpg,ST-16_Q1m.jpeg,ST-16_Q1n.jpg,ST-16_Q1o.jpg,ST-16_Q1p.jpg,ST-16_Q2a.JPG,ST-16_Q2b.jpg,ST-16_Q2c.jpg,ST-16_Q2d.jpg,ST-16_Q2e.png,ST-16_Q2f.png,ST-16_Q2g.png,ST-16_Q2h.png,ST-16_Q2i.jpeg,ST-16_Q2j.jpg,ST-16_Q2k.jpg,ST-16_Q2l.jpg,ST-16_Q2m.jpeg,ST-16_Q2n.jpg,ST-16_Q2o.jpg,ST-16_Q2p.jpg,,,,,,,,,,,,,,,,,,,,,,,,,,,,,,,,,,,,,,,,,,,,,,,,,,,,,,,,,,,,,,,,,,,,,,,,,,,,,,,,,,,,,,,,,,,,,,,,
C-088-27,ST-17,ST-17_Q1a.JPG,ST-17_Q1b.jpg,ST-17_Q1c.jpg,ST-17_Q1d.jpg,ST-17_Q1e.png,ST-17_Q1f.png,ST-17_Q1g.png,ST-17_Q1h.png,ST-17_Q1i.jpeg,ST-17_Q1j.jpg,ST-17_Q1k.jpg,ST-17_Q1l.jpg,ST-17_Q1m.jpeg,ST-17_Q1n.jpg,ST-17_Q1o.jpg,ST-17_Q1p.jpg,ST-17_Q2a.JPG,ST-17_Q2b.jpg,ST-17_Q2c.jpg,ST-17_Q2d.jpg,ST-17_Q2e.png,ST-17_Q2f.png,ST-17_Q2g.png,ST-17_Q2h.png,ST-17_Q2i.jpeg,ST-17_Q2j.jpg,ST-17_Q2k.jpg,ST-17_Q2l.jpg,ST-17_Q2m.jpeg,ST-17_Q2n.jpg,ST-17_Q2o.jpg,ST-17_Q2p.jpg,,,,,,,,,,,,,,,,,,,,,,,,,,,,,,,,,,,,,,,,,,,,,,,,,,,,,,,,,,,,,,,,,,,,,,,,,,,,,,,,,,,,,,,,,,,,,,,,
C-092-06,ST-18,ST-18_Q1a.JPG,ST-18_Q1b.jpg,ST-18_Q1c.jpg,ST-18_Q1d.jpg,ST-18_Q1e.png,ST-18_Q1f.png,ST-18_Q1g.png,ST-18_Q1h.png,ST-18_Q1i.jpeg,ST-18_Q1j.jpg,ST-18_Q1k.jpg,ST-18_Q1l.jpg,ST-18_Q1m.jpeg,ST-18_Q1n.jpg,ST-18_Q1o.jpg,ST-18_Q1p.jpg,ST-18_Q2a.JPG,ST-18_Q2b.jpg,ST-18_Q2c.jpg,ST-18_Q2d.jpg,ST-18_Q2e.png,ST-18_Q2f.png,ST-18_Q2g.png,ST-18_Q2h.png,ST-18_Q2i.jpeg,ST-18_Q2j.jpg,ST-18_Q2k.jpg,ST-18_Q2l.jpg,ST-18_Q2m.jpeg,ST-18_Q2n.jpg,ST-18_Q2o.jpg,ST-18_Q2p.jpg,,,,,,,,,,,,,,,,,,,,,,,,,,,,,,,,,,,,,,,,,,,,,,,,,,,,,,,,,,,,,,,,,,,,,,,,,,,,,,,,,,,,,,,,,,,,,,,,
C-092-07,ST-19,ST-19_Q1a.JPG,ST-19_Q1b.jpg,ST-19_Q1c.jpg,ST-19_Q1d.jpg,ST-19_Q1e.png,ST-19_Q1f.png,ST-19_Q1g.png,ST-19_Q1h.png,ST-19_Q1i.jpeg,ST-19_Q1j.jpg,ST-19_Q1k.jpg,ST-19_Q1l.jpg,ST-19_Q1m.jpeg,ST-19_Q1n.jpg,ST-19_Q1o.jpg,ST-19_Q1p.jpg,ST-19_Q2a.JPG,ST-19_Q2b.jpg,ST-19_Q2c.jpg,ST-19_Q2d.jpg,ST-19_Q2e.png,ST-19_Q2f.png,ST-19_Q2g.png,ST-19_Q2h.png,ST-19_Q2i.jpeg,ST-19_Q2j.jpg,ST-19_Q2k.jpg,ST-19_Q2l.jpg,ST-19_Q2m.jpeg,ST-19_Q2n.jpg,ST-19_Q2o.jpg,ST-19_Q2p.jpg,,,,,,,,,,,,,,,,,,,,,,,,,,,,,,,,,,,,,,,,,,,,,,,,,,,,,,,,,,,,,,,,,,,,,,,,,,,,,,,,,,,,,,,,,,,,,,,,
C-094-03,ST-20,ST-20_Q1a.JPG,ST-20_Q1b.jpg,ST-20_Q1c.jpg,ST-20_Q1d.jpg,ST-20_Q1e.png,ST-20_Q1f.png,ST-20_Q1g.png,ST-20_Q1h.png,ST-20_Q1i.jpeg,ST-20_Q1j.jpg,ST-20_Q1k.jpg,ST-20_Q1l.jpg,ST-20_Q1m.jpeg,ST-20_Q1n.jpg,ST-20_Q1o.jpg,ST-20_Q1p.jpg,ST-20_Q2a.JPG,ST-20_Q2b.jpg,ST-20_Q2c.jpg,ST-20_Q2d.jpg,ST-20_Q2e.png,ST-20_Q2f.png,ST-20_Q2g.png,ST-20_Q2h.png,ST-20_Q2i.jpeg,ST-20_Q2j.jpg,ST-20_Q2k.jpg,ST-20_Q2l.jpg,ST-20_Q2m.jpeg,ST-20_Q2n.jpg,ST-20_Q2o.jpg,ST-20_Q2p.jpg,,,,,,,,,,,,,,,,,,,,,,,,,,,,,,,,,,,,,,,,,,,,,,,,,,,,,,,,,,,,,,,,,,,,,,,,,,,,,,,,,,,,,,,,,,,,,,,,
C-096-03,ST-21,ST-21_Q1a.JPG,ST-21_Q1b.jpg,ST-21_Q1c.jpg,ST-21_Q1d.jpg,ST-21_Q1e.png,ST-21_Q1f.png,ST-21_Q1g.png,ST-21_Q1h.png,ST-21_Q1i.jpeg,ST-21_Q1j.jpg,ST-21_Q1k.jpg,ST-21_Q1l.jpg,ST-21_Q1m.jpeg,ST-21_Q1n.jpg,ST-21_Q1o.jpg,ST-21_Q1p.jpg,ST-21_Q2a.JPG,ST-21_Q2b.jpg,ST-21_Q2c.jpg,ST-21_Q2d.jpg,ST-21_Q2e.png,ST-21_Q2f.png,ST-21_Q2g.png,ST-21_Q2h.png,ST-21_Q2i.jpeg,ST-21_Q2j.jpg,ST-21_Q2k.jpg,ST-21_Q2l.jpg,ST-21_Q2m.jpeg,ST-21_Q2n.jpg,ST-21_Q2o.jpg,ST-21_Q2p.jpg,,,,,,,,,,,,,,,,,,,,,,,,,,,,,,,,,,,,,,,,,,,,,,,,,,,,,,,,,,,,,,,,,,,,,,,,,,,,,,,,,,,,,,,,,,,,,,,,
C-097-07,ST-22,ST-22_Q1a.JPG,ST-22_Q1b.jpg,ST-22_Q1c.jpg,ST-22_Q1d.jpg,ST-22_Q1e.png,ST-22_Q1f.png,ST-22_Q1g.png,ST-22_Q1h.png,ST-22_Q1i.jpeg,ST-22_Q1j.jpg,ST-22_Q1k.jpg,ST-22_Q1l.jpg,ST-22_Q1m.jpeg,ST-22_Q1n.jpg,ST-22_Q1o.jpg,ST-22_Q1p.jpg,ST-22_Q2a.JPG,ST-22_Q2b.jpg,ST-22_Q2c.jpg,ST-22_Q2d.jpg,ST-22_Q2e.png,ST-22_Q2f.png,ST-22_Q2g.png,ST-22_Q2h.png,ST-22_Q2i.jpeg,ST-22_Q2j.jpg,ST-22_Q2k.jpg,ST-22_Q2l.jpg,ST-22_Q2m.jpeg,ST-22_Q2n.jpg,ST-22_Q2o.jpg,ST-22_Q2p.jpg,,,,,,,,,,,,,,,,,,,,,,,,,,,,,,,,,,,,,,,,,,,,,,,,,,,,,,,,,,,,,,,,,,,,,,,,,,,,,,,,,,,,,,,,,,,,,,,,
C-097-08,ST-22,ST-22_Q1a.JPG,ST-22_Q1b.jpg,ST-22_Q1c.jpg,ST-22_Q1d.jpg,ST-22_Q1e.png,ST-22_Q1f.png,ST-22_Q1g.png,ST-22_Q1h.png,ST-22_Q1i.jpeg,ST-22_Q1j.jpg,ST-22_Q1k.jpg,ST-22_Q1l.jpg,ST-22_Q1m.jpeg,ST-22_Q1n.jpg,ST-22_Q1o.jpg,ST-22_Q1p.jpg,ST-22_Q2a.JPG,ST-22_Q2b.jpg,ST-22_Q2c.jpg,ST-22_Q2d.jpg,ST-22_Q2e.png,ST-22_Q2f.png,ST-22_Q2g.png,ST-22_Q2h.png,ST-22_Q2i.jpeg,ST-22_Q2j.jpg,ST-22_Q2k.jpg,ST-22_Q2l.jpg,ST-22_Q2m.jpeg,ST-22_Q2n.jpg,ST-22_Q2o.jpg,ST-22_Q2p.jpg,,,,,,,,,,,,,,,,,,,,,,,,,,,,,,,,,,,,,,,,,,,,,,,,,,,,,,,,,,,,,,,,,,,,,,,,,,,,,,,,,,,,,,,,,,,,,,,,
C-098-09,ST-23,ST-23_Q1a.JPG,ST-23_Q1b.jpg,ST-23_Q1c.jpg,ST-23_Q1d.jpg,ST-23_Q1e.png,ST-23_Q1f.png,ST-23_Q1g.png,ST-23_Q1h.png,ST-23_Q1i.jpeg,ST-23_Q1j.jpg,ST-23_Q1k.jpg,ST-23_Q1l.jpg,ST-23_Q1m.jpeg,ST-23_Q1n.jpg,ST-23_Q1o.jpg,ST-23_Q1p.jpg,ST-23_Q2a.JPG,ST-23_Q2b.jpg,ST-23_Q2c.jpg,ST-23_Q2d.jpg,ST-23_Q2e.png,ST-23_Q2f.png,ST-23_Q2g.png,ST-23_Q2h.png,ST-23_Q2i.jpeg,ST-23_Q2j.jpg,ST-23_Q2k.jpg,ST-23_Q2l.jpg,ST-23_Q2m.jpeg,ST-23_Q2n.jpg,ST-23_Q2o.jpg,ST-23_Q2p.jpg,,,,,,,,,,,,,,,,,,,,,,,,,,,,,,,,,,,,,,,,,,,,,,,,,,,,,,,,,,,,,,,,,,,,,,,,,,,,,,,,,,,,,,,,,,,,,,,,
C-098-10,ST-24,ST-24_Q1a.JPG,ST-24_Q1b.jpg,ST-24_Q1c.jpg,ST-24_Q1d.jpg,ST-24_Q1e.png,ST-24_Q1f.png,ST-24_Q1g.png,ST-24_Q1h.png,ST-24_Q1i.jpeg,ST-24_Q1j.jpg,ST-24_Q1k.jpg,ST-24_Q1l.jpg,ST-24_Q1m.jpeg,ST-24_Q1n.jpg,ST-24_Q1o.jpg,ST-24_Q1p.jpg,ST-24_Q2a.JPG,ST-24_Q2b.jpg,ST-24_Q2c.jpg,ST-24_Q2d.jpg,ST-24_Q2e.png,ST-24_Q2f.png,ST-24_Q2g.png,ST-24_Q2h.png,ST-24_Q2i.jpeg,ST-24_Q2j.jpg,ST-24_Q2k.jpg,ST-24_Q2l.jpg,ST-24_Q2m.jpeg,ST-24_Q2n.jpg,ST-24_Q2o.jpg,ST-24_Q2p.jpg,,,,,,,,,,,,,,,,,,,,,,,,,,,,,,,,,,,,,,,,,,,,,,,,,,,,,,,,,,,,,,,,,,,,,,,,,,,,,,,,,,,,,,,,,,,,,,,,
C-098-11,ST-24,ST-24_Q1a.JPG,ST-24_Q1b.jpg,ST-24_Q1c.jpg,ST-24_Q1d.jpg,ST-24_Q1e.png,ST-24_Q1f.png,ST-24_Q1g.png,ST-24_Q1h.png,ST-24_Q1i.jpeg,ST-24_Q1j.jpg,ST-24_Q1k.jpg,ST-24_Q1l.jpg,ST-24_Q1m.jpeg,ST-24_Q1n.jpg,ST-24_Q1o.jpg,ST-24_Q1p.jpg,ST-24_Q2a.JPG,ST-24_Q2b.jpg,ST-24_Q2c.jpg,ST-24_Q2d.jpg,ST-24_Q2e.png,ST-24_Q2f.png,ST-24_Q2g.png,ST-24_Q2h.png,ST-24_Q2i.jpeg,ST-24_Q2j.jpg,ST-24_Q2k.jpg,ST-24_Q2l.jpg,ST-24_Q2m.jpeg,ST-24_Q2n.jpg,ST-24_Q2o.jpg,ST-24_Q2p.jpg,,,,,,,,,,,,,,,,,,,,,,,,,,,,,,,,,,,,,,,,,,,,,,,,,,,,,,,,,,,,,,,,,,,,,,,,,,,,,,,,,,,,,,,,,,,,,,,,
C-099-13,ST-25,ST-25_Q1a.JPG,ST-25_Q1b.jpg,ST-25_Q1c.jpg,ST-25_Q1d.jpg,ST-25_Q1e.png,ST-25_Q1f.png,ST-25_Q1g.png,ST-25_Q1h.png,ST-25_Q1i.jpeg,ST-25_Q1j.jpg,ST-25_Q1k.jpg,ST-25_Q1l.jpg,ST-25_Q1m.jpeg,ST-25_Q1n.jpg,ST-25_Q1o.jpg,ST-25_Q1p.jpg,ST-25_Q2a.JPG,ST-25_Q2b.jpg,ST-25_Q2c.jpg,ST-25_Q2d.jpg,ST-25_Q2e.png,ST-25_Q2f.png,ST-25_Q2g.png,ST-25_Q2h.png,ST-25_Q2i.jpeg,ST-25_Q2j.jpg,ST-25_Q2k.jpg,ST-25_Q2l.jpg,ST-25_Q2m.jpeg,ST-25_Q2n.jpg,ST-25_Q2o.jpg,ST-25_Q2p.jpg,,,,,,,,,,,,,,,,,,,,,,,,,,,,,,,,,,,,,,,,,,,,,,,,,,,,,,,,,,,,,,,,,,,,,,,,,,,,,,,,,,,,,,,,,,,,,,,,
C-099-14,ST-25,ST-25_Q1a.JPG,ST-25_Q1b.jpg,ST-25_Q1c.jpg,ST-25_Q1d.jpg,ST-25_Q1e.png,ST-25_Q1f.png,ST-25_Q1g.png,ST-25_Q1h.png,ST-25_Q1i.jpeg,ST-25_Q1j.jpg,ST-25_Q1k.jpg,ST-25_Q1l.jpg,ST-25_Q1m.jpeg,ST-25_Q1n.jpg,ST-25_Q1o.jpg,ST-25_Q1p.jpg,ST-25_Q2a.JPG,ST-25_Q2b.jpg,ST-25_Q2c.jpg,ST-25_Q2d.jpg,ST-25_Q2e.png,ST-25_Q2f.png,ST-25_Q2g.png,ST-25_Q2h.png,ST-25_Q2i.jpeg,ST-25_Q2j.jpg,ST-25_Q2k.jpg,ST-25_Q2l.jpg,ST-25_Q2m.jpeg,ST-25_Q2n.jpg,ST-25_Q2o.jpg,ST-25_Q2p.jpg,,,,,,,,,,,,,,,,,,,,,,,,,,,,,,,,,,,,,,,,,,,,,,,,,,,,,,,,,,,,,,,,,,,,,,,,,,,,,,,,,,,,,,,,,,,,,,,,
C-099-15,ST-26,ST-26_Q1a.JPG,ST-26_Q1b.jpg,ST-26_Q1c.jpg,ST-26_Q1d.jpg,ST-26_Q1e.png,ST-26_Q1f.png,ST-26_Q1g.png,ST-26_Q1h.png,ST-26_Q1i.jpeg,ST-26_Q1j.jpg,ST-26_Q1k.jpg,ST-26_Q1l.jpg,ST-26_Q1m.jpeg,ST-26_Q1n.jpg,ST-26_Q1o.jpg,ST-26_Q1p.jpg,ST-26_Q2a.JPG,ST-26_Q2b.jpg,ST-26_Q2c.jpg,ST-26_Q2d.jpg,ST-26_Q2e.png,ST-26_Q2f.png,ST-26_Q2g.png,ST-26_Q2h.png,ST-26_Q2i.jpeg,ST-26_Q2j.jpg,ST-26_Q2k.jpg,ST-26_Q2l.jpg,ST-26_Q2m.jpeg,ST-26_Q2n.jpg,ST-26_Q2o.jpg,ST-26_Q2p.jpg,,,,,,,,,,,,,,,,,,,,,,,,,,,,,,,,,,,,,,,,,,,,,,,,,,,,,,,,,,,,,,,,,,,,,,,,,,,,,,,,,,,,,,,,,,,,,,,,
C-099-16,ST-27,ST-27_Q1a.JPG,ST-27_Q1b.jpg,ST-27_Q1c.jpg,ST-27_Q1d.jpg,ST-27_Q1e.png,ST-27_Q1f.png,ST-27_Q1g.png,ST-27_Q1h.png,ST-27_Q1i.jpeg,ST-27_Q1j.jpg,ST-27_Q1k.jpg,ST-27_Q1l.jpg,ST-27_Q1m.jpeg,ST-27_Q1n.jpg,ST-27_Q1o.jpg,ST-27_Q1p.jpg,ST-27_Q2a.JPG,ST-27_Q2b.jpg,ST-27_Q2c.jpg,ST-27_Q2d.jpg,ST-27_Q2e.png,ST-27_Q2f.png,ST-27_Q2g.png,ST-27_Q2h.png,ST-27_Q2i.jpeg,ST-27_Q2j.jpg,ST-27_Q2k.jpg,ST-27_Q2l.jpg,ST-27_Q2m.jpeg,ST-27_Q2n.jpg,ST-27_Q2o.jpg,ST-27_Q2p.jpg,,,,,,,,,,,,,,,,,,,,,,,,,,,,,,,,,,,,,,,,,,,,,,,,,,,,,,,,,,,,,,,,,,,,,,,,,,,,,,,,,,,,,,,,,,,,,,,,
